Logo,Payment method name,Category,Payer's country,Country of business registration
https://fondy.ua/uploads/2021/12/american_express.svg,Amex,Bank cards,Globally,"Austria,  Belgium,  Bulgaria,  United Kingdom,  Greece,  Denmark,   Estonia, Ireland, Spain, Italy , Cyprus , Latvia, Lithuania, Luxembourg , Malta, Netherlands, Germany, Poland, Portugal , Romania , Slovakia, Slovenia, Hungary, Finland, France, Croatia, Czech Republic, Swedenyet"
https://fondy.ua/uploads/2021/12/bancontact.svg,Bancontact,Bank cards,Belgium,"Austria,  Belgium,  Bulgaria,  United Kingdom,  Greece,  Denmark,  Estonia, Ireland, Spain, Italy, Cyprus, Latvia, Lithuania, Luxembourg, Malta, Netherlands, Germany, Poland, Portugal, Romania, Slovakia, Slovenia, Hungary, Finland, France, Croatia, Czech Republic, Sweden"
https://fondy.ua/uploads/2021/12/Diners-Club.svg,Diners Club,Bank cards,Globally,"Austria,  Belgium,  Bulgaria,  United Kingdom,  Greece,  Denmark,  Estonia, Ireland, Spain, Italy, Cyprus, Latvia, Lithuania, Luxembourg, Malta, Netherlands, Germany, Poland, Portugal, Romania, Slovakia, Slovenia, Hungary, Finland, France, Croatia, Czech Republic, Sweden"
https://fondy.ua/uploads/2021/12/JCB.svg,JCB,Bank cards,Globally,"Austria,  Belgium,  Bulgaria,  United Kingdom,  Greece,  Denmark,  Estonia, Ireland, Spain, Italy, Cyprus, Latvia, Lithuania, Luxembourg, Malta, Netherlands, Germany, Poland, Portugal, Romania, Slovakia, Slovenia, Hungary, Finland, France, Croatia, Czech Republic, Sweden"
https://fondy.ua/uploads/2021/12/Maestro.svg,Maestro,Bank cards,Globally,"Austria,  Belgium,  Belarus,  Bulgaria,  United Kingdom,  Greece,  Denmark, Estonia, Ireland, Spain, Italy, Kazakhstan, Cyprus, Latvia, Lithuania, Luxembourg, Malta, Netherlands, Germany, Poland, Portugal, Romania, Slovakia, Slovenia Hungary, Ukraine, Finland, France, Croatia, Czech Republic, Sweden"
https://fondy.ua/uploads/2021/12/Mastercard-1.svg,Mastercard,Bank cards,Globally,"Austria,  Belgium,  Belarus,  Bulgaria,  United Kingdom,  Greece,   etcDenmark, Estonia, Ireland, Spain, Italy, Kazakhstan, Cyprus, Latvia, Lithuania, Luxembourg, Malta, Netherlands, Germany, Poland, Portugal, Romania, Slovakia, Slovenia Hungary, Ukraine, Finland, France, Croatia, Czech Republic, Sweden"
https://fondy.ua/uploads/2021/12/Visa-3.svg,Visa,Bank cards,Globally,"Austria,  Belgium,  Belarus,  Bulgaria,  United Kingdom,  Greece,   etcDenmark, Estonia, Ireland, Spain, Italy, Kazakhstan, Cyprus, Latvia, Lithuania, Luxembourg, Malta, Netherlands, Germany, Poland, Portugal, Romania, Slovakia, Slovenia Hungary, Ukraine, Finland, France, Croatia, Czech Republic, Sweden"
https://fondy.ua/uploads/2021/12/alipay.svg,Alipay,Electronic wallets,Globally,"Austria,  Belgium,  Bulgaria,  United Kingdom,  Greece,  Denmark,  Estonia, Ireland, Spain, Italy, Cyprus, Latvia, Lithuania, Luxembourg, Malta, Netherlands, Germany, Poland, Portugal, Romania, Slovakia, Slovenia, Hungary, Finland, France, Croatia, Czech Republic, Sweden"
https://fondy.ua/uploads/2021/12/Apple-pay.svg,Apple Pay,Electronic wallets,Globally,"Austria,  Belgium,  Bulgaria,  United Kingdom,  Greece,  Denmark,  Estonia Ireland, Spain, Italy, Cyprus, Latvia, Lithuania, Luxembourg, Malta, Netherlands, Germany, Poland, Portugal, Romania, Slovakia, Slovenia Hungary, Ukraine, Finland, France, Croatia, Czech Republic, Sweden"
https://fondy.ua/uploads/2021/12/Google-pay.svg,Google Pay,Electronic wallets,Globally,"Austria,  Belgium,  Bulgaria,  United Kingdom,  Greece,  Denmark,  Estonia Ireland, Spain, Italy, Cyprus, Latvia, Lithuania, Luxembourg, Malta, Netherlands, Germany, Poland, Portugal, Romania, Slovakia, Slovenia Hungary, Ukraine, Finland, France, Croatia, Czech Republic, Sweden"
https://fondy.ua/uploads/2021/12/Masterpass.svg,Masterpass,Electronic wallets,Globally,Ukraine
https://fondy.ua/uploads/2021/12/paypal.svg,PayPal,Electronic wallets,Globally,"Austria,  Belgium,  Bulgaria,  United Kingdom,  Greece,  Denmark,  Estonia, Ireland, Spain, Italy, Cyprus, Latvia, Lithuania, Luxembourg, Malta, Netherlands, Germany, Poland, Portugal, Romania, Slovakia, Slovenia, Hungary, Finland, France, Croatia, Czech Republic, Sweden"
https://fondy.ua/uploads/2021/12/skrill.svg,Skrill,Electronic wallets,Globally,"Austria,  Belgium,  Bulgaria,  United Kingdom,  Greece,  Denmark,  Estonia, Ireland, Spain, Italy, Cyprus, Latvia, Lithuania, Luxembourg, Malta, Netherlands, Germany, Poland, Portugal, Romania, Slovakia, Slovenia, Hungary, Finland, France, Croatia, Czech Republic, Sweden"
https://fondy.ua/uploads/2021/12/viamo.svg,Viamo,Electronic wallets,Slovakia,"Austria,  Belgium,  Bulgaria,  United Kingdom,  Greece,  Denmark,  Estonia, Ireland, Spain, Italy, Cyprus, Latvia, Lithuania, Luxembourg, Malta, Netherlands, Germany, Poland, Portugal, Romania, Slovakia, Slovenia, Hungary, Finland, France, Croatia, Czech Republic, Sweden"
https://fondy.ua/uploads/2021/12/visacheckout.svg,Visa Checkout,Electronic wallets,Globally,Ukraine
https://fondy.ua/uploads/2021/12/wechatpay.svg,WeChat Pay,Electronic wallets,China,"Austria,  Belgium,  Bulgaria,  United Kingdom,  Greece,  Denmark,  Estonia, Ireland, Spain, Italy, Cyprus, Latvia, Lithuania, Luxembourg, Malta, Netherlands, Germany, Poland, Portugal, Romania, Slovakia, Slovenia, Hungary, Finland, France, Croatia, Czech Republic, Sweden"
https://fondy.ua/uploads/2021/12/Klarna.svg,Klarna: Pay later,Online installment,"Austria,  Belgium,  United Kingdom,  Spain,  Italy,  Netherlands,  Germany, Poland, Switzerland","Austria,  Belgium,  Bulgaria,  United Kingdom,  Greece,  Denmark,  Estonia, Ireland, Spain, Italy, Cyprus, Latvia, Lithuania, Luxembourg, Malta, Netherlands, Germany, Poland, Portugal, Romania, Slovakia, Slovenia, Hungary, Finland, France, Croatia, Czech Republic, Sweden"
https://fondy.ua/uploads/2021/12/blik.svg,BLIK,Local methods,Poland,"Austria,  Belgium,  Bulgaria,  United Kingdom,  Greece,  Denmark,  Estonia, Ireland, Spain, Italy, Cyprus, Latvia, Lithuania, Luxembourg, Malta, Netherlands, Germany, Poland, Portugal, Romania, Slovakia, Slovenia, Hungary, Finland, France, Croatia, Czech Republic, Sweden"
https://fondy.ua/uploads/2021/12/Boleto-Bancario.svg,Boleto Bancario,Local methods,Brazil,"Austria,  Belgium,  Bulgaria,  United Kingdom,  Greece,  Denmark,  Estonia, Ireland, Spain, Italy, Cyprus, Latvia, Lithuania, Luxembourg, Malta, Netherlands, Germany, Poland, Portugal, Romania, Slovakia, Slovenia, Hungary, Finland, France, Croatia, Czech Republic, Sweden"
https://fondy.ua/uploads/2021/12/Chaps-1.svg,CHAPS Direct Debit,Local methods,"Austria,  Belgium,  Bulgaria,  United Kingdom,  Greece,  Denmark,  Estonia, Ireland, Iceland, Spain, Italy, Cyprus, Latvia, Lithuania, Liechtenstein, Luxembourg, Malta, Monaco, Netherlands, Germany, Norway, Poland, Portugal, Romania, San Marino, Slovakia, Slovenia, Hungary, Finland, France, Croatia, Czech Republic, Switzerland, Sweden","Austria,  Belgium,  Bulgaria,  United Kingdom,  Greece,  Denmark,  Estonia, Ireland, Spain, Italy, Cyprus, Latvia, Lithuania, Luxembourg, Malta, Netherlands, Germany, Poland, Portugal, Romania, Slovakia, Slovenia, Hungary, Finland, France, Croatia, Czech Republic, Sweden"
https://fondy.ua/uploads/2021/12/entercash.svg,Entercash,Local methods,"Finland,  Sweden","Austria,  Belgium,  Bulgaria,  United Kingdom,  Greece,  Denmark,  Estonia, Ireland, Spain, Italy, Cyprus, Latvia, Lithuania, Luxembourg, Malta, Netherlands, Germany, Poland, Portugal, Romania, Slovakia, Slovenia, Hungary, Finland, France, Croatia, Czech Republic, Sweden"
https://fondy.ua/uploads/2021/12/EPS-200.svg,EPS,Local methods,Austria,"Austria,  Belgium,  Bulgaria,  United Kingdom,  Greece,  Denmark,  Estonia, Ireland, Spain, Italy, Cyprus, Latvia, Lithuania, Luxembourg, Malta, Netherlands, Germany, Poland, Portugal, Romania, Slovakia, Slovenia, Hungary, Finland, France, Croatia, Czech Republic, Sweden"
https://fondy.ua/uploads/2021/12/giropay.svg,Giropay,Local methods,Germany,"Austria,  Belgium,  Bulgaria,  United Kingdom,  Greece,  Denmark,  Estonia, Ireland, Spain, Italy, Cyprus, Latvia, Lithuania, Luxembourg, Malta, Netherlands, Germany, Poland, Portugal, Romania, Slovakia, Slovenia, Hungary, Finland, France, Croatia, Czech Republic, Sweden"
https://fondy.ua/uploads/2021/12/ideal.svg,iDEAL,Local methods,Netherlands,"Austria,  Belgium,  Bulgaria,  United Kingdom,  Greece,  Denmark,  Estonia, Ireland, Spain, Italy, Cyprus, Latvia, Lithuania, Luxembourg, Malta, Netherlands, Germany, Poland, Portugal, Romania, Slovakia, Slovenia, Hungary, Finland, France, Croatia, Czech Republic, Sweden"
https://fondy.ua/uploads/2021/12/multibanco.svg,Multibanco,Local methods,Portugal,"Austria,  Belgium,  Bulgaria,  United Kingdom,  Greece,  Denmark,  Estonia, Ireland, Spain, Italy, Cyprus, Latvia, Lithuania, Luxembourg, Malta, Netherlands, Germany, Poland, Portugal, Romania, Slovakia, Slovenia, Hungary, Finland, France, Croatia, Czech Republic, Sweden"
https://fondy.ua/uploads/2021/12/Mybank-200.svg,MyBank,Local methods,Italy,"Austria,  Belgium,  Bulgaria,  United Kingdom,  Greece,  Denmark,  Estonia, Ireland, Spain, Italy, Cyprus, Latvia, Lithuania, Luxembourg, Malta, Netherlands, Germany, Poland, Portugal, Romania, Slovakia, Slovenia, Hungary, Finland, France, Croatia, Czech Republic, Sweden"
https://fondy.ua/uploads/2021/12/oxxo.svg,OXXO,Local methods,Mexico,"Austria,  Belgium,  Bulgaria,  United Kingdom,  Greece,  Denmark,  Estonia, Ireland, Spain, Italy, Cyprus, Latvia, Lithuania, Luxembourg, Malta, Netherlands, Germany, Poland, Portugal, Romania, Slovakia, Slovenia, Hungary, Finland, France, Croatia, Czech Republic, Sweden"
https://fondy.ua/uploads/2021/12/paysafecard.svg,Paysafecard,Local methods,"Australia,  Austria,  Belgium,  Bulgaria,  United Kingdom,  Gibraltar,  Georgia, Denmark, Ireland, Spain, Italy, Canada, Cyprus, Lithuania, Liechtenstein, Luxembourg, Malta, Mexico, Netherlands, Germany, new zealand, Norway, Peru, Poland, Portugal, Romania, Slovakia, Slovenia Hungary, Uruguay, Finland, France, Croatia, Czech Republic, Switzerland, Sweden","Austria,  Belgium,  Bulgaria,  United Kingdom,  Greece,  Denmark,  Estonia, Ireland, Spain, Italy, Cyprus, Latvia, Lithuania, Luxembourg, Malta, Netherlands, Germany, Poland, Portugal, Romania, Slovakia, Slovenia, Hungary, Finland, France, Croatia, Czech Republic, Sweden"
https://fondy.ua/uploads/2021/12/poli.svg,POLi,Local methods,"Australia,  New Zealand","Austria,  Belgium,  Bulgaria,  United Kingdom,  Greece,  Denmark,  Estonia, Ireland, Spain, Italy, Cyprus, Latvia, Lithuania, Luxembourg, Malta, Netherlands, Germany, Poland, Portugal, Romania, Slovakia, Slovenia, Hungary, Finland, France, Croatia, Czech Republic, Sweden"
https://fondy.ua/uploads/2021/12/safetypay.svg,SaferyPay,Local methods,"Austria,  Belgium,  Brazil,  Ecuador,  Spain,  Costa Rica,  Mexico, Netherlands, Germany, Peru, Chile","Austria,  Belgium,  Bulgaria,  United Kingdom,  Greece,  Denmark,  Estonia, Ireland, Spain, Italy, Cyprus, Latvia, Lithuania, Luxembourg, Malta, Netherlands, Germany, Poland, Portugal, Romania, Slovakia, Slovenia, Hungary, Finland, France, Croatia, Czech Republic, Sweden"
https://fondy.ua/uploads/2021/12/sepa.svg,SEPA Direct Debit,Local methods,"Austria,  Belgium,  Bulgaria,  United Kingdom,  Greece,  Denmark,  Estonia, Ireland, Iceland, Spain, Italy, Cyprus, Latvia, Lithuania, Liechtenstein, Luxembourg, Malta, Monaco, Netherlands, Germany, Norway, Poland, Portugal, Romania, San Marino, Slovakia, Slovenia, Hungary, Finland, France, Croatia, Czech Republic, Switzerland, Sweden","Austria,  Belgium,  Bulgaria,  United Kingdom,  Greece,  Denmark,  Estonia, Ireland, Spain, Italy, Cyprus, Latvia, Lithuania, Luxembourg, Malta, Netherlands, Germany, Poland, Portugal, Romania, Slovakia, Slovenia, Hungary, Finland, France, Croatia, Czech Republic, Sweden"
https://fondy.ua/uploads/2021/12/paynow.svg,Sofort,Local methods,"Austria,  Belgium,  United Kingdom,  Spain,  Italy,  Netherlands,  Germany, Poland, Switzerland","Austria,  Belgium,  Bulgaria,  United Kingdom,  Greece,  Denmark,  Estonia, Ireland, Spain, Italy, Cyprus, Latvia, Lithuania, Luxembourg, Malta, Netherlands, Germany, Poland, Portugal, Romania, Slovakia, Slovenia, Hungary, Finland, France, Croatia, Czech Republic, Sweden"
https://fondy.ua/uploads/2021/12/aachener.svg,Aachener Bank eG,Online banking,Germany,"Austria,  Belgium,  Bulgaria,  United Kingdom,  Greece,  Denmark,  Estonia, Ireland, Spain, Italy, Cyprus, Latvia, Lithuania, Luxembourg, Malta, Netherlands, Germany, Poland, Portugal, Romania, Slovakia, Slovenia, Hungary, Finland, France, Croatia, Czech Republic, Sweden"
https://fondy.ua/uploads/2021/12/ABN-AMRO.svg,ABN AMRO Bank,Online banking,Netherlands,"Austria,  Belgium,  Bulgaria,  United Kingdom,  Greece,  Denmark,  Estonia, Ireland, Spain, Italy, Cyprus, Latvia, Lithuania, Luxembourg, Malta, Netherlands, Germany, Poland, Portugal, Romania, Slovakia, Slovenia, Hungary, Finland, France, Croatia, Czech Republic, Sweden"
https://fondy.ua/uploads/2021/12/abtsgmünder.svg,Abtsgmünder Bank,Online banking,Germany,"Austria,  Belgium,  Bulgaria,  United Kingdom,  Greece,  Denmark,  Estonia, Ireland, Spain, Italy, Cyprus, Latvia, Lithuania, Luxembourg, Malta, Netherlands, Germany, Poland, Portugal, Romania, Slovakia, Slovenia, Hungary, Finland, France, Croatia, Czech Republic, Sweden"
https://fondy.ua/uploads/2021/12/aib.svg,AIB (NI),Online banking,United Kingdom,United Kingdom
https://fondy.ua/uploads/2021/12/aktia.svg,Aktia Bank,Online banking,Finland,"Austria,  Belgium,  Bulgaria,  United Kingdom,  Greece,  Denmark,  Estonia, Ireland, Spain, Italy, Cyprus, Latvia, Lithuania, Luxembourg, Malta, Netherlands, Germany, Poland, Portugal, Romania, Slovakia, Slovenia, Hungary, Finland, France, Croatia, Czech Republic, Sweden"
https://fondy.ua/uploads/2021/12/alior.svg,Alior Bank,Online banking,Poland,"Austria,  Belgium,  Bulgaria,  United Kingdom,  Greece,  Denmark,  Estonia, Ireland, Spain, Italy, Cyprus, Latvia, Lithuania, Luxembourg, Malta, Netherlands, Germany, Poland, Portugal, Romania, Slovakia, Slovenia, Hungary, Finland, France, Croatia, Czech Republic, Sweden"
https://fondy.ua/uploads/2021/12/allied.svg,Allied Irish Bank,Online banking,"United Kingdom,  Germany","Austria,  Belgium,  Bulgaria,  United Kingdom,  Greece,  Denmark,  Estonia, Ireland, Spain, Italy, Cyprus, Latvia, Lithuania, Luxembourg, Malta, Netherlands, Germany, Poland, Portugal, Romania, Slovakia, Slovenia, Hungary, Finland, France, Croatia, Czech Republic, Sweden"
https://fondy.ua/uploads/2021/12/almbrand.svg,Alm. Brand,Online banking,Denmark,"Austria,  Belgium,  Bulgaria,  United Kingdom,  Greece,  Denmark,  Estonia, Ireland, Spain, Italy, Cyprus, Latvia, Lithuania, Luxembourg, Malta, Netherlands, Germany, Poland, Portugal, Romania, Slovakia, Slovenia, Hungary, Finland, France, Croatia, Czech Republic, Sweden"
https://fondy.ua/uploads/2021/12/alpenbank.svg,AlpenBank,Online banking,Austria,"Austria,  Belgium,  Bulgaria,  United Kingdom,  Greece,  Denmark,  Estonia, Ireland, Spain, Italy, Cyprus, Latvia, Lithuania, Luxembourg, Malta, Netherlands, Germany, Poland, Portugal, Romania, Slovakia, Slovenia, Hungary, Finland, France, Croatia, Czech Republic, Sweden"
https://fondy.ua/uploads/2021/12/alxing.svg,Alxing-Brucker Genossenschaftsbank eG,Online banking,Germany,"Austria,  Belgium,  Bulgaria,  United Kingdom,  Greece,  Denmark,  Estonia, Ireland, Spain, Italy, Cyprus, Latvia, Lithuania, Luxembourg, Malta, Netherlands, Germany, Poland, Portugal, Romania, Slovakia, Slovenia, Hungary, Finland, France, Croatia, Czech Republic, Sweden"
https://fondy.ua/uploads/2021/12/Andbank-200.svg,Andbank España SA,Online banking,Spain,"Austria,  Belgium,  Bulgaria,  United Kingdom,  Greece,  Denmark,  Estonia, Ireland, Spain, Italy, Cyprus, Latvia, Lithuania, Luxembourg, Malta, Netherlands, Germany, Poland, Portugal, Romania, Slovakia, Slovenia, Hungary, Finland, France, Croatia, Czech Republic, Sweden"
https://fondy.ua/uploads/2021/12/Argenta-200.svg,Argenta,Online banking,Belgium,"Austria,  Belgium,  Bulgaria,  United Kingdom,  Greece,  Denmark,  Estonia, Ireland, Spain, Italy, Cyprus, Latvia, Lithuania, Luxembourg, Malta, Netherlands, Germany, Poland, Portugal, Romania, Slovakia, Slovenia, Hungary, Finland, France, Croatia, Czech Republic, Sweden"
https://fondy.ua/uploads/2021/12/ASN-200.svg,ASN Bank,Online banking,Netherlands,"Austria,  Belgium,  Bulgaria,  United Kingdom,  Greece,  Denmark,  Estonia, Ireland, Spain, Italy, Cyprus, Latvia, Lithuania, Luxembourg, Malta, Netherlands, Germany, Poland, Portugal, Romania, Slovakia, Slovenia, Hungary, Finland, France, Croatia, Czech Republic, Sweden"
https://fondy.ua/uploads/2021/12/AXA-200.svg,AXA Banque,Online banking,France,"Austria,  Belgium,  Bulgaria,  United Kingdom,  Greece,  Denmark,  Estonia, Ireland, Spain, Italy, Cyprus, Latvia, Lithuania, Luxembourg, Malta, Netherlands, Germany, Poland, Portugal, Romania, Slovakia, Slovenia, Hungary, Finland, France, Croatia, Czech Republic, Sweden"
https://fondy.ua/uploads/2021/12/bbank-2.svg,B (bank),Online banking,United Kingdom,"Austria,  Belgium,  Bulgaria,  United Kingdom,  Greece,  Denmark,  Estonia, Ireland, Spain, Italy, Cyprus, Latvia, Lithuania, Luxembourg, Malta, Netherlands, Germany, Poland, Portugal, Romania, Slovakia, Slovenia, Hungary, Finland, France, Croatia, Czech Republic, Sweden"
https://fondy.ua/uploads/2021/12/bancamarch.svg,Banca March,Online banking,Spain,"Austria,  Belgium,  Bulgaria,  United Kingdom,  Greece,  Denmark,  Estonia, Ireland, Spain, Italy, Cyprus, Latvia, Lithuania, Luxembourg, Malta, Netherlands, Germany, Poland, Portugal, Romania, Slovakia, Slovenia, Hungary, Finland, France, Croatia, Czech Republic, Sweden"
https://fondy.ua/uploads/2021/12/Mediolanum-200.svg,Banca Mediolanum,Online banking,Italy,"Austria,  Belgium,  Bulgaria,  United Kingdom,  Greece,  Denmark,  Estonia, Ireland, Spain, Italy, Cyprus, Latvia, Lithuania, Luxembourg, Malta, Netherlands, Germany, Poland, Portugal, Romania, Slovakia, Slovenia, Hungary, Finland, France, Croatia, Czech Republic, Sweden"
https://fondy.ua/uploads/2021/12/widiba.svg,Banca Widiba,Online banking,Italy,"Austria,  Belgium,  Bulgaria,  United Kingdom,  Greece,  Denmark,  Estonia, Ireland, Spain, Italy, Cyprus, Latvia, Lithuania, Luxembourg, Malta, Netherlands, Germany, Poland, Portugal, Romania, Slovakia, Slovenia, Hungary, Finland, France, Croatia, Czech Republic, Sweden"
https://fondy.ua/uploads/2021/12/BPM-200.svg,Banco BPM SpA,Online banking,Italy,"Austria,  Belgium,  Bulgaria,  United Kingdom,  Greece,  Denmark,  Estonia, Ireland, Spain, Italy, Cyprus, Latvia, Lithuania, Luxembourg, Malta, Netherlands, Germany, Poland, Portugal, Romania, Slovakia, Slovenia, Hungary, Finland, France, Croatia, Czech Republic, Sweden"
https://fondy.ua/uploads/2021/12/Sardegna.svg,Banco di Sardegna,Online banking,Italy,"Austria,  Belgium,  Bulgaria,  United Kingdom,  Greece,  Denmark,  Estonia, Ireland, Spain, Italy, Cyprus, Latvia, Lithuania, Luxembourg, Malta, Netherlands, Germany, Poland, Portugal, Romania, Slovakia, Slovenia, Hungary, Finland, France, Croatia, Czech Republic, Sweden"
https://fondy.ua/uploads/2021/12/Banco-Inversis-SA.svg,Banco Inversis SA,Online banking,Spain,"Austria,  Belgium,  Bulgaria,  United Kingdom,  Greece,  Denmark,  Estonia, Ireland, Spain, Italy, Cyprus, Latvia, Lithuania, Luxembourg, Malta, Netherlands, Germany, Poland, Portugal, Romania, Slovakia, Slovenia, Hungary, Finland, France, Croatia, Czech Republic, Sweden"
https://fondy.ua/uploads/2021/12/pichincha.svg,Banco Pichincha,Online banking,Spain,"Austria,  Belgium,  Bulgaria,  United Kingdom,  Greece,  Denmark,  Estonia, Ireland, Spain, Italy, Cyprus, Latvia, Lithuania, Luxembourg, Malta, Netherlands, Germany, Poland, Portugal, Romania, Slovakia, Slovenia, Hungary, Finland, France, Croatia, Czech Republic, Sweden"
https://fondy.ua/uploads/2021/12/sabadell.svg,Banco Sabadell,Online banking,Spain,"Austria,  Belgium,  Bulgaria,  United Kingdom,  Greece,  Denmark,  Estonia, Ireland, Spain, Italy, Cyprus, Latvia, Lithuania, Luxembourg, Malta, Netherlands, Germany, Poland, Portugal, Romania, Slovakia, Slovenia, Hungary, Finland, France, Croatia, Czech Republic, Sweden"
https://fondy.ua/uploads/2021/12/posta.svg,BancoPosta,Online banking,Spain,"Austria,  Belgium,  Bulgaria,  United Kingdom,  Greece,  Denmark,  Estonia, Ireland, Spain, Italy, Cyprus, Latvia, Lithuania, Luxembourg, Malta, Netherlands, Germany, Poland, Portugal, Romania, Slovakia, Slovenia, Hungary, Finland, France, Croatia, Czech Republic, Sweden"
https://fondy.ua/uploads/2021/12/Bank-1-Saar-eG.svg,Bank 1 Saar eG,Online banking,Germany,"Austria,  Belgium,  Bulgaria,  United Kingdom,  Greece,  Denmark,  Estonia, Ireland, Spain, Italy, Cyprus, Latvia, Lithuania, Luxembourg, Malta, Netherlands, Germany, Poland, Portugal, Romania, Slovakia, Slovenia, Hungary, Finland, France, Croatia, Czech Republic, Sweden"
https://fondy.ua/uploads/2021/12/Bank-Austria-200.svg,Bank Austria,Online banking,Austria,"Austria,  Belgium,  Bulgaria,  United Kingdom,  Greece,  Denmark,  Estonia, Ireland, Spain, Italy, Cyprus, Latvia, Lithuania, Luxembourg, Malta, Netherlands, Germany, Poland, Portugal, Romania, Slovakia, Slovenia, Hungary, Finland, France, Croatia, Czech Republic, Sweden"
https://fondy.ua/uploads/2021/12/aland.svg,Bank of Åland,Online banking,Finland,"Austria,  Belgium,  Bulgaria,  United Kingdom,  Greece,  Denmark,  Estonia, Ireland, Spain, Italy, Cyprus, Latvia, Lithuania, Luxembourg, Malta, Netherlands, Germany, Poland, Portugal, Romania, Slovakia, Slovenia, Hungary, Finland, France, Croatia, Czech Republic, Sweden"
https://fondy.ua/uploads/2021/12/bankofIreland.svg,Bank of Ireland,Online banking,"United Kingdom,  Ireland","Austria,  Belgium,  Bulgaria,  United Kingdom,  Greece,  Denmark,  Estonia, Ireland, Spain, Italy, Cyprus, Latvia, Lithuania, Luxembourg, Malta, Netherlands, Germany, Poland, Portugal, Romania, Slovakia, Slovenia, Hungary, Finland, France, Croatia, Czech Republic, Sweden"
https://fondy.ua/uploads/2021/12/bankofscotland.svg,Bank of Scotland,Online banking,United Kingdom,"Austria,  Belgium,  Bulgaria,  United Kingdom,  Greece,  Denmark,  Estonia, Ireland, Spain, Italy, Cyprus, Latvia, Lithuania, Luxembourg, Malta, Netherlands, Germany, Poland, Portugal, Romania, Slovakia, Slovenia, Hungary, Finland, France, Croatia, Czech Republic, Sweden"
https://fondy.ua/uploads/2021/12/Bank-Pekao-S.A..svg,Bank Pekao S.A.,Online banking,Poland,"Austria,  Belgium,  Bulgaria,  United Kingdom,  Greece,  Denmark,  Estonia, Ireland, Spain, Italy, Cyprus, Latvia, Lithuania, Luxembourg, Malta, Netherlands, Germany, Poland, Portugal, Romania, Slovakia, Slovenia, Hungary, Finland, France, Croatia, Czech Republic, Sweden"
https://fondy.ua/uploads/2022/01/Pocztowy.svg,Bank Pocztowy S.A.,Online banking,Poland,"Austria,  Belgium,  Bulgaria,  United Kingdom,  Greece,  Denmark,  Estonia, Ireland, Spain, Italy, Cyprus, Latvia, Lithuania, Luxembourg, Malta, Netherlands, Germany, Poland, Portugal, Romania, Slovakia, Slovenia, Hungary, Finland, France, Croatia, Czech Republic, Sweden"
https://fondy.ua/uploads/2021/12/Bankhaus-Rautenschlein-AG.svg,Bankhaus Rautenschlein AG,Online banking,Germany,"Austria,  Belgium,  Bulgaria,  United Kingdom,  Greece,  Denmark,  Estonia, Ireland, Spain, Italy, Cyprus, Latvia, Lithuania, Luxembourg, Malta, Netherlands, Germany, Poland, Portugal, Romania, Slovakia, Slovenia, Hungary, Finland, France, Croatia, Czech Republic, Sweden"
https://fondy.ua/uploads/2021/12/bankia.svg,Bankia,Online banking,Spain,"Austria,  Belgium,  Bulgaria,  United Kingdom,  Greece,  Denmark,  Estonia, Ireland, Spain, Italy, Cyprus, Latvia, Lithuania, Luxembourg, Malta, Netherlands, Germany, Poland, Portugal, Romania, Slovakia, Slovenia, Hungary, Finland, France, Croatia, Czech Republic, Sweden"
https://fondy.ua/uploads/2021/12/bankinter.svg,Bankinter,Online banking,Spain,"Austria,  Belgium,  Bulgaria,  United Kingdom,  Greece,  Denmark,  Estonia, Ireland, Spain, Italy, Cyprus, Latvia, Lithuania, Luxembourg, Malta, Netherlands, Germany, Poland, Portugal, Romania, Slovakia, Slovenia, Hungary, Finland, France, Croatia, Czech Republic, Sweden"
https://fondy.ua/uploads/2021/12/bankoa.svg,Bankoa,Online banking,Spain,"Austria,  Belgium,  Bulgaria,  United Kingdom,  Greece,  Denmark,  Estonia, Ireland, Spain, Italy, Cyprus, Latvia, Lithuania, Luxembourg, Malta, Netherlands, Germany, Poland, Portugal, Romania, Slovakia, Slovenia, Hungary, Finland, France, Croatia, Czech Republic, Sweden"
https://fondy.ua/uploads/2021/12/chalus.svg,Banque Chalus,Online banking,France,"Austria,  Belgium,  Bulgaria,  United Kingdom,  Greece,  Denmark,  Estonia, Ireland, Spain, Italy, Cyprus, Latvia, Lithuania, Luxembourg, Malta, Netherlands, Germany, Poland, Portugal, Romania, Slovakia, Slovenia, Hungary, Finland, France, Croatia, Czech Republic, Sweden"
https://fondy.ua/uploads/2021/12/Courtois-200.svg,Banque Courtois,Online banking,France,"Austria,  Belgium,  Bulgaria,  United Kingdom,  Greece,  Denmark,  Estonia, Ireland, Spain, Italy, Cyprus, Latvia, Lithuania, Luxembourg, Malta, Netherlands, Germany, Poland, Portugal, Romania, Slovakia, Slovenia, Hungary, Finland, France, Croatia, Czech Republic, Sweden"
https://fondy.ua/uploads/2021/12/Kolb-200.svg,Banque Kolb,Online banking,France,"Austria,  Belgium,  Bulgaria,  United Kingdom,  Greece,  Denmark,  Estonia, Ireland, Spain, Italy, Cyprus, Latvia, Lithuania, Luxembourg, Malta, Netherlands, Germany, Poland, Portugal, Romania, Slovakia, Slovenia, Hungary, Finland, France, Croatia, Czech Republic, Sweden"
https://fondy.ua/uploads/2021/12/Laydernier-200.svg,Banque Laydernier,Online banking,France,"Austria,  Belgium,  Bulgaria,  United Kingdom,  Greece,  Denmark,  Estonia, Ireland, Spain, Italy, Cyprus, Latvia, Lithuania, Luxembourg, Malta, Netherlands, Germany, Poland, Portugal, Romania, Slovakia, Slovenia, Hungary, Finland, France, Croatia, Czech Republic, Sweden"
https://fondy.ua/uploads/2021/12/Nuger-200.svg,Banque Nuger,Online banking,France,"Austria,  Belgium,  Bulgaria,  United Kingdom,  Greece,  Denmark,  Estonia, Ireland, Spain, Italy, Cyprus, Latvia, Lithuania, Luxembourg, Malta, Netherlands, Germany, Poland, Portugal, Romania, Slovakia, Slovenia, Hungary, Finland, France, Croatia, Czech Republic, Sweden"
https://fondy.ua/uploads/2021/12/Rhône-Alpes-200.svg,Banque Rhône-Alpes,Online banking,France,"Austria,  Belgium,  Bulgaria,  United Kingdom,  Greece,  Denmark,  Estonia, Ireland, Spain, Italy, Cyprus, Latvia, Lithuania, Luxembourg, Malta, Netherlands, Germany, Poland, Portugal, Romania, Slovakia, Slovenia, Hungary, Finland, France, Croatia, Czech Republic, Sweden"
https://fondy.ua/uploads/2021/12/Tarneaud-200.svg,Banque Tarneaud,Online banking,France,"Austria,  Belgium,  Bulgaria,  United Kingdom,  Greece,  Denmark,  Estonia, Ireland, Spain, Italy, Cyprus, Latvia, Lithuania, Luxembourg, Malta, Netherlands, Germany, Poland, Portugal, Romania, Slovakia, Slovenia, Hungary, Finland, France, Croatia, Czech Republic, Sweden"
https://fondy.ua/uploads/2021/12/transatlantique.svg,Banque Transatlantique,Online banking,France,"Austria,  Belgium,  Bulgaria,  United Kingdom,  Greece,  Denmark,  Estonia, Ireland, Spain, Italy, Cyprus, Latvia, Lithuania, Luxembourg, Malta, Netherlands, Germany, Poland, Portugal, Romania, Slovakia, Slovenia, Hungary, Finland, France, Croatia, Czech Republic, Sweden"
https://fondy.ua/uploads/2021/12/Barclays-200.svg,Barclays,Online banking,United Kingdom,"Austria,  Belgium,  Bulgaria,  United Kingdom,  Greece,  Denmark,  Estonia, Ireland, Spain, Italy, Cyprus, Latvia, Lithuania, Luxembourg, Malta, Netherlands, Germany, Poland, Portugal, Romania, Slovakia, Slovenia, Hungary, Finland, France, Croatia, Czech Republic, Sweden"
https://fondy.ua/uploads/2021/12/BAWAG-200.svg,BAWAG P.S.K.,Online banking,Austria,"Austria,  Belgium,  Bulgaria,  United Kingdom,  Greece,  Denmark,  Estonia, Ireland, Spain, Italy, Cyprus, Latvia, Lithuania, Luxembourg, Malta, Netherlands, Germany, Poland, Portugal, Romania, Slovakia, Slovenia, Hungary, Finland, France, Croatia, Czech Republic, Sweden"
https://fondy.ua/uploads/2021/12/bbva.svg,BBVA,Online banking,Spain,"Austria,  Belgium,  Bulgaria,  United Kingdom,  Greece,  Denmark,  Estonia, Ireland, Spain, Italy, Cyprus, Latvia, Lithuania, Luxembourg, Malta, Netherlands, Germany, Poland, Portugal, Romania, Slovakia, Slovenia, Hungary, Finland, France, Croatia, Czech Republic, Sweden"
https://fondy.ua/uploads/2021/12/belfius.svg,Belfius Bank,Online banking,Belgium,"Austria,  Belgium,  Bulgaria,  United Kingdom,  Greece,  Denmark,  Estonia, Ireland, Spain, Italy, Cyprus, Latvia, Lithuania, Luxembourg, Malta, Netherlands, Germany, Poland, Portugal, Romania, Slovakia, Slovenia, Hungary, Finland, France, Croatia, Czech Republic, Sweden"
https://fondy.ua/uploads/2021/12/bensberger.svg,Bensberger Bank eG,Online banking,Germany,"Austria,  Belgium,  Bulgaria,  United Kingdom,  Greece,  Denmark,  Estonia, Ireland, Spain, Italy, Cyprus, Latvia, Lithuania, Luxembourg, Malta, Netherlands, Germany, Poland, Portugal, Romania, Slovakia, Slovenia, Hungary, Finland, France, Croatia, Czech Republic, Sweden"
https://fondy.ua/uploads/2021/12/bernhauser.svg,Bernhauser Bank eG,Online banking,Germany,"Austria,  Belgium,  Bulgaria,  United Kingdom,  Greece,  Denmark,  Estonia, Ireland, Spain, Italy, Cyprus, Latvia, Lithuania, Luxembourg, Malta, Netherlands, Germany, Poland, Portugal, Romania, Slovakia, Slovenia, Hungary, Finland, France, Croatia, Czech Republic, Sweden"
https://fondy.ua/uploads/2021/12/bnl.svg,BNL,Online banking,Italy,"Austria,  Belgium,  Bulgaria,  United Kingdom,  Greece,  Denmark,  Estonia, Ireland, Spain, Italy, Cyprus, Latvia, Lithuania, Luxembourg, Malta, Netherlands, Germany, Poland, Portugal, Romania, Slovakia, Slovenia, Hungary, Finland, France, Croatia, Czech Republic, Sweden"
https://fondy.ua/uploads/2021/12/bnp.svg,BNP Paribas,Online banking,"Belgium,  Germany,  Poland","Austria,  Belgium,  Bulgaria,  United Kingdom,  Greece,  Denmark,  Estonia, Ireland, Spain, Italy, Cyprus, Latvia, Lithuania, Luxembourg, Malta, Netherlands, Germany, Poland, Portugal, Romania, Slovakia, Slovenia, Hungary, Finland, France, Croatia, Czech Republic, Sweden"
https://fondy.ua/uploads/2021/12/BodenseeBank.svg,BodenseeBank,Online banking,Germany,"Austria,  Belgium,  Bulgaria,  United Kingdom,  Greece,  Denmark,  Estonia, Ireland, Spain, Italy, Cyprus, Latvia, Lithuania, Luxembourg, Malta, Netherlands, Germany, Poland, Portugal, Romania, Slovakia, Slovenia, Hungary, Finland, France, Croatia, Czech Republic, Sweden"
https://fondy.ua/uploads/2021/12/bopfingen.svg,Bopfingen Bank Sechta-Ries eG,Online banking,Germany,"Austria,  Belgium,  Bulgaria,  United Kingdom,  Greece,  Denmark,  Estonia, Ireland, Spain, Italy, Cyprus, Latvia, Lithuania, Luxembourg, Malta, Netherlands, Germany, Poland, Portugal, Romania, Slovakia, Slovenia, Hungary, Finland, France, Croatia, Czech Republic, Sweden"
https://fondy.ua/uploads/2021/12/Bpost-200.svg,bpost banque,Online banking,Belgium,"Austria,  Belgium,  Bulgaria,  United Kingdom,  Greece,  Denmark,  Estonia, Ireland, Spain, Italy, Cyprus, Latvia, Lithuania, Luxembourg, Malta, Netherlands, Germany, Poland, Portugal, Romania, Slovakia, Slovenia, Hungary, Finland, France, Croatia, Czech Republic, Sweden"
https://fondy.ua/uploads/2021/12/brandenburger.svg,Brandenburger Bank Volksbank-Raiffeisenbank eG,Online banking,Germany,"Austria,  Belgium,  Bulgaria,  United Kingdom,  Greece,  Denmark,  Estonia, Ireland, Spain, Italy, Cyprus, Latvia, Lithuania, Luxembourg, Malta, Netherlands, Germany, Poland, Portugal, Romania, Slovakia, Slovenia, Hungary, Finland, France, Croatia, Czech Republic, Sweden"
https://fondy.ua/uploads/2021/12/bruhler.svg,Brühler Bank eG,Online banking,Germany,"Austria,  Belgium,  Bulgaria,  United Kingdom,  Greece,  Denmark,  Estonia, Ireland, Spain, Italy, Cyprus, Latvia, Lithuania, Luxembourg, Malta, Netherlands, Germany, Poland, Portugal, Romania, Slovakia, Slovenia, Hungary, Finland, France, Croatia, Czech Republic, Sweden"
https://fondy.ua/uploads/2021/12/BTV.svg,BTV Vier Länder Bank,Online banking,Austria,"Austria,  Belgium,  Bulgaria,  United Kingdom,  Greece,  Denmark,  Estonia, Ireland, Spain, Italy, Cyprus, Latvia, Lithuania, Luxembourg, Malta, Netherlands, Germany, Poland, Portugal, Romania, Slovakia, Slovenia, Hungary, Finland, France, Croatia, Czech Republic, Sweden"
https://fondy.ua/uploads/2021/12/caixabank.svg,CaixaBank,Online banking,Spain,"Austria,  Belgium,  Bulgaria,  United Kingdom,  Greece,  Denmark,  Estonia, Ireland, Spain, Italy, Cyprus, Latvia, Lithuania, Luxembourg, Malta, Netherlands, Germany, Poland, Portugal, Romania, Slovakia, Slovenia, Hungary, Finland, France, Croatia, Czech Republic, Sweden"
https://fondy.ua/uploads/2021/12/Caja-Rural-200.svg,Caja Rural,Online banking,Spain,"Austria,  Belgium,  Bulgaria,  United Kingdom,  Greece,  Denmark,  Estonia, Ireland, Spain, Italy, Cyprus, Latvia, Lithuania, Luxembourg, Malta, Netherlands, Germany, Poland, Portugal, Romania, Slovakia, Slovenia, Hungary, Finland, France, Croatia, Czech Republic, Sweden"
https://fondy.ua/uploads/2021/12/cajasur.svg,Cajasur,Online banking,Spain,"Austria,  Belgium,  Bulgaria,  United Kingdom,  Greece,  Denmark,  Estonia, Ireland, Spain, Italy, Cyprus, Latvia, Lithuania, Luxembourg, Malta, Netherlands, Germany, Poland, Portugal, Romania, Slovakia, Slovenia, Hungary, Finland, France, Croatia, Czech Republic, Sweden"
https://fondy.ua/uploads/2021/12/capitalone.svg,Capital One,Online banking,United Kingdom,"Austria,  Belgium,  Bulgaria,  United Kingdom,  Greece,  Denmark,  Estonia, Ireland, Spain, Italy, Cyprus, Latvia, Lithuania, Luxembourg, Malta, Netherlands, Germany, Poland, Portugal, Romania, Slovakia, Slovenia, Hungary, Finland, France, Croatia, Czech Republic, Sweden"
https://fondy.ua/uploads/2021/12/cashplus-1-1.svg,Cashplus Bank,Online banking,United Kingdom,"Austria,  Belgium,  Bulgaria,  United Kingdom,  Greece,  Denmark,  Estonia, Ireland, Spain, Italy, Cyprus, Latvia, Lithuania, Luxembourg, Malta, Netherlands, Germany, Poland, Portugal, Romania, Slovakia, Slovenia, Hungary, Finland, France, Croatia, Czech Republic, Sweden"
https://fondy.ua/uploads/2021/12/caterallen.svg,Cater Allen,Online banking,United Kingdom,"Austria,  Belgium,  Bulgaria,  United Kingdom,  Greece,  Denmark,  Estonia, Ireland, Spain, Italy, Cyprus, Latvia, Lithuania, Luxembourg, Malta, Netherlands, Germany, Poland, Portugal, Romania, Slovakia, Slovenia, Hungary, Finland, France, Croatia, Czech Republic, Sweden"
https://fondy.ua/uploads/2021/12/C_Sporitelna-200.svg,Česká spořitelna,Online banking,Czech Republic,"Austria,  Belgium,  Bulgaria,  United Kingdom,  Greece,  Denmark,  Estonia, Ireland, Spain, Italy, Cyprus, Latvia, Lithuania, Luxembourg, Malta, Netherlands, Germany, Poland, Portugal, Romania, Slovakia, Slovenia, Hungary, Finland, France, Croatia, Czech Republic, Sweden"
https://fondy.ua/uploads/2021/12/chelseabs.svg,Chelsea Building Society,Online banking,United Kingdom,"Austria,  Belgium,  Bulgaria,  United Kingdom,  Greece,  Denmark,  Estonia, Ireland, Spain, Italy, Cyprus, Latvia, Lithuania, Luxembourg, Malta, Netherlands, Germany, Poland, Portugal, Romania, Slovakia, Slovenia, Hungary, Finland, France, Croatia, Czech Republic, Sweden"
https://fondy.ua/uploads/2021/12/CIC.svg,CIC,Online banking,France,"Austria,  Belgium,  Bulgaria,  United Kingdom,  Greece,  Denmark,  Estonia, Ireland, Spain, Italy, Cyprus, Latvia, Lithuania, Luxembourg, Malta, Netherlands, Germany, Poland, Portugal, Romania, Slovakia, Slovenia, Hungary, Finland, France, Croatia, Czech Republic, Sweden"
https://fondy.ua/uploads/2021/12/citadele.svg,Citadele banka,Online banking,Latvia,"Austria,  Belgium,  Bulgaria,  United Kingdom,  Greece,  Denmark,  Estonia, Ireland, Spain, Italy, Cyprus, Latvia, Lithuania, Luxembourg, Malta, Netherlands, Germany, Poland, Portugal, Romania, Slovakia, Slovenia, Hungary, Finland, France, Croatia, Czech Republic, Sweden"
https://fondy.ua/uploads/2021/12/clydesdale.svg,Clydesdale Bank,Online banking,United Kingdom,"Austria,  Belgium,  Bulgaria,  United Kingdom,  Greece,  Denmark,  Estonia, Ireland, Spain, Italy, Cyprus, Latvia, Lithuania, Luxembourg, Malta, Netherlands, Germany, Poland, Portugal, Romania, Slovakia, Slovenia, Hungary, Finland, France, Croatia, Czech Republic, Sweden"
https://fondy.ua/uploads/2021/12/colonya-1.svg,Colonya Caixa Pollença,Online banking,Spain,"Austria,  Belgium,  Bulgaria,  United Kingdom,  Greece,  Denmark,  Estonia, Ireland, Spain, Italy, Cyprus, Latvia, Lithuania, Luxembourg, Malta, Netherlands, Germany, Poland, Portugal, Romania, Slovakia, Slovenia, Hungary, Finland, France, Croatia, Czech Republic, Sweden"
https://fondy.ua/uploads/2021/12/comdirect.svg,Comdirect Bank AG,Online banking,Germany,"Austria,  Belgium,  Bulgaria,  United Kingdom,  Greece,  Denmark,  Estonia, Ireland, Spain, Italy, Cyprus, Latvia, Lithuania, Luxembourg, Malta, Netherlands, Germany, Poland, Portugal, Romania, Slovakia, Slovenia, Hungary, Finland, France, Croatia, Czech Republic, Sweden"
https://fondy.ua/uploads/2021/12/commerz.svg,Commerzbank AG,Online banking,Germany,"Austria,  Belgium,  Bulgaria,  United Kingdom,  Greece,  Denmark,  Estonia, Ireland, Spain, Italy, Cyprus, Latvia, Lithuania, Luxembourg, Malta, Netherlands, Germany, Poland, Portugal, Romania, Slovakia, Slovenia, Hungary, Finland, France, Croatia, Czech Republic, Sweden"
https://fondy.ua/uploads/2021/12/Consorsbank-200.svg,Consorsbank,Online banking,Germany,"Austria,  Belgium,  Bulgaria,  United Kingdom,  Greece,  Denmark,  Estonia, Ireland, Spain, Italy, Cyprus, Latvia, Lithuania, Luxembourg, Malta, Netherlands, Germany, Poland, Portugal, Romania, Slovakia, Slovenia, Hungary, Finland, France, Croatia, Czech Republic, Sweden"
https://fondy.ua/uploads/2022/01/Coutts-2.svg,Coutts & Co,Online banking,United Kingdom,"Austria,  Belgium,  Bulgaria,  United Kingdom,  Greece,  Denmark,  Estonia, Ireland, Spain, Italy, Cyprus, Latvia, Lithuania, Luxembourg, Malta, Netherlands, Germany, Poland, Portugal, Romania, Slovakia, Slovenia, Hungary, Finland, France, Croatia, Czech Republic, Sweden"
https://fondy.ua/uploads/2021/12/creatis.svg,Creatis,Online banking,France,"Austria,  Belgium,  Bulgaria,  United Kingdom,  Greece,  Denmark,  Estonia, Ireland, Spain, Italy, Cyprus, Latvia, Lithuania, Luxembourg, Malta, Netherlands, Germany, Poland, Portugal, Romania, Slovakia, Slovenia, Hungary, Finland, France, Croatia, Czech Republic, Sweden"
https://fondy.ua/uploads/2021/12/Credit-Agricole.svg,Credit Agricole,Online banking,"Poland,  France","Austria,  Belgium,  Bulgaria,  United Kingdom,  Greece,  Denmark,  Estonia, Ireland, Spain, Italy, Cyprus, Latvia, Lithuania, Luxembourg, Malta, Netherlands, Germany, Poland, Portugal, Romania, Slovakia, Slovenia, Hungary, Finland, France, Croatia, Czech Republic, Sweden"
https://fondy.ua/uploads/2021/12/Crédit-du-Nord-200.svg,Crédit du Nord,Online banking,France,"Austria,  Belgium,  Bulgaria,  United Kingdom,  Greece,  Denmark,  Estonia, Ireland, Spain, Italy, Cyprus, Latvia, Lithuania, Luxembourg, Malta, Netherlands, Germany, Poland, Portugal, Romania, Slovakia, Slovenia, Hungary, Finland, France, Croatia, Czech Republic, Sweden"
https://fondy.ua/uploads/2021/12/lcl.svg,Crédit Lyonnais,Online banking,France,"Austria,  Belgium,  Bulgaria,  United Kingdom,  Greece,  Denmark,  Estonia, Ireland, Spain, Italy, Cyprus, Latvia, Lithuania, Luxembourg, Malta, Netherlands, Germany, Poland, Portugal, Romania, Slovakia, Slovenia, Hungary, Finland, France, Croatia, Czech Republic, Sweden"
https://fondy.ua/uploads/2021/12/mutuel.svg,Crédit Mutuel,Online banking,France,"Austria,  Belgium,  Bulgaria,  United Kingdom,  Greece,  Denmark,  Estonia, Ireland, Spain, Italy, Cyprus, Latvia, Lithuania, Luxembourg, Malta, Netherlands, Germany, Poland, Portugal, Romania, Slovakia, Slovenia, Hungary, Finland, France, Croatia, Czech Republic, Sweden"
https://fondy.ua/uploads/2021/12/csob-1.svg,ČSOB,Online banking,Czech Republic,"Austria,  Belgium,  Bulgaria,  United Kingdom,  Greece,  Denmark,  Estonia, Ireland, Spain, Italy, Cyprus, Latvia, Lithuania, Luxembourg, Malta, Netherlands, Germany, Poland, Portugal, Romania, Slovakia, Slovenia, Hungary, Finland, France, Croatia, Czech Republic, Sweden"
https://fondy.ua/uploads/2021/12/cumberland.svg,Cumberland Building Society,Online banking,United Kingdom,"Austria,  Belgium,  Bulgaria,  United Kingdom,  Greece,  Denmark,  Estonia, Ireland, Spain, Italy, Cyprus, Latvia, Lithuania, Luxembourg, Malta, Netherlands, Germany, Poland, Portugal, Romania, Slovakia, Slovenia, Hungary, Finland, France, Croatia, Czech Republic, Sweden"
https://fondy.ua/uploads/2021/12/danskebank.svg,Danske Bank,Online banking,"United Kingdom,  Denmark,  Norway,  Finland,  Sweden","Austria,  Belgium,  Bulgaria,  United Kingdom,  Greece,  Denmark,  Estonia, Ireland, Spain, Italy, Cyprus, Latvia, Lithuania, Luxembourg, Malta, Netherlands, Germany, Poland, Portugal, Romania, Slovakia, Slovenia, Hungary, Finland, France, Croatia, Czech Republic, Sweden"
https://fondy.ua/uploads/2021/12/dettinger.svg,Dettinger Bank eG,Online banking,Germany,"Austria,  Belgium,  Bulgaria,  United Kingdom,  Greece,  Denmark,  Estonia, Ireland, Spain, Italy, Cyprus, Latvia, Lithuania, Luxembourg, Malta, Netherlands, Germany, Poland, Portugal, Romania, Slovakia, Slovenia, Hungary, Finland, France, Croatia, Czech Republic, Sweden"
https://fondy.ua/uploads/2021/12/deutschebank.svg,Deutsche Bank AG,Online banking,Germany,"Austria,  Belgium,  Bulgaria,  United Kingdom,  Greece,  Denmark,  Estonia, Ireland, Spain, Italy, Cyprus, Latvia, Lithuania, Luxembourg, Malta, Netherlands, Germany, Poland, Portugal, Romania, Slovakia, Slovenia, Hungary, Finland, France, Croatia, Czech Republic, Sweden"
https://fondy.ua/uploads/2021/12/dkb.svg,Deutsche Kreditbank AG,Online banking,Germany,"Austria,  Belgium,  Bulgaria,  United Kingdom,  Greece,  Denmark,  Estonia, Ireland, Spain, Italy, Cyprus, Latvia, Lithuania, Luxembourg, Malta, Netherlands, Germany, Poland, Portugal, Romania, Slovakia, Slovenia, Hungary, Finland, France, Croatia, Czech Republic, Sweden"
https://fondy.ua/uploads/2021/12/djurslands.svg,Djurslands Bank,Online banking,Denmark,"Austria,  Belgium,  Bulgaria,  United Kingdom,  Greece,  Denmark,  Estonia, Ireland, Spain, Italy, Cyprus, Latvia, Lithuania, Luxembourg, Malta, Netherlands, Germany, Poland, Portugal, Romania, Slovakia, Slovenia, Hungary, Finland, France, Croatia, Czech Republic, Sweden"
https://fondy.ua/uploads/2021/12/dkm-1.svg,DKM Loanhnskasse Münster eG,Online banking,Germany,"Austria,  Belgium,  Bulgaria,  United Kingdom,  Greece,  Denmark,  Estonia, Ireland, Spain, Italy, Cyprus, Latvia, Lithuania, Luxembourg, Malta, Netherlands, Germany, Poland, Portugal, Romania, Slovakia, Slovenia, Hungary, Finland, France, Croatia, Czech Republic, Sweden"
https://fondy.ua/uploads/2021/12/dnb.svg,DNB,Online banking,"Latvia,  Lithuania,  Norway","Austria,  Belgium,  Bulgaria,  United Kingdom,  Greece,  Denmark,  Estonia, Ireland, Spain, Italy, Cyprus, Latvia, Lithuania, Luxembourg, Malta, Netherlands, Germany, Poland, Portugal, Romania, Slovakia, Slovenia, Hungary, Finland, France, Croatia, Czech Republic, Sweden"
https://fondy.ua/uploads/2021/12/donau.svg,Donau-Iller Bank eG,Online banking,Germany,"Austria,  Belgium,  Bulgaria,  United Kingdom,  Greece,  Denmark,  Estonia, Ireland, Spain, Italy, Cyprus, Latvia, Lithuania, Luxembourg, Malta, Netherlands, Germany, Poland, Portugal, Romania, Slovakia, Slovenia, Hungary, Finland, France, Croatia, Czech Republic, Sweden"
https://fondy.ua/uploads/2021/12/easybank.svg,easybank AG,Online banking,Austria,"Austria,  Belgium,  Bulgaria,  United Kingdom,  Greece,  Denmark,  Estonia, Ireland, Spain, Italy, Cyprus, Latvia, Lithuania, Luxembourg, Malta, Netherlands, Germany, Poland, Portugal, Romania, Slovakia, Slovenia, Hungary, Finland, France, Croatia, Czech Republic, Sweden"
https://fondy.ua/uploads/2021/12/echterdinger.svg,Echterdinger Bank eG,Online banking,Germany,"Austria,  Belgium,  Bulgaria,  United Kingdom,  Greece,  Denmark,  Estonia, Ireland, Spain, Italy, Cyprus, Latvia, Lithuania, Luxembourg, Malta, Netherlands, Germany, Poland, Portugal, Romania, Slovakia, Slovenia, Hungary, Finland, France, Croatia, Czech Republic, Sweden"
https://fondy.ua/uploads/2021/12/erfurter.svg,Erfurter Bank eG,Online banking,Germany,"Austria,  Belgium,  Bulgaria,  United Kingdom,  Greece,  Denmark,  Estonia, Ireland, Spain, Italy, Cyprus, Latvia, Lithuania, Luxembourg, Malta, Netherlands, Germany, Poland, Portugal, Romania, Slovakia, Slovenia, Hungary, Finland, France, Croatia, Czech Republic, Sweden"
https://fondy.ua/uploads/2021/12/Erste-200.svg,Erste Bank,Online banking,Austria,"Austria,  Belgium,  Bulgaria,  United Kingdom,  Greece,  Denmark,  Estonia, Ireland, Spain, Italy, Cyprus, Latvia, Lithuania, Luxembourg, Malta, Netherlands, Germany, Poland, Portugal, Romania, Slovakia, Slovenia, Hungary, Finland, France, Croatia, Czech Republic, Sweden"
https://fondy.ua/uploads/2021/12/eurocaja.svg,Eurocaja Rural,Online banking,Spain,"Austria,  Belgium,  Bulgaria,  United Kingdom,  Greece,  Denmark,  Estonia, Ireland, Spain, Italy, Cyprus, Latvia, Lithuania, Luxembourg, Malta, Netherlands, Germany, Poland, Portugal, Romania, Slovakia, Slovenia, Hungary, Finland, France, Croatia, Czech Republic, Sweden"
https://fondy.ua/uploads/2021/12/evenordbank.svg,Evenord-Bank,Online banking,Germany,"Austria,  Belgium,  Bulgaria,  United Kingdom,  Greece,  Denmark,  Estonia, Ireland, Spain, Italy, Cyprus, Latvia, Lithuania, Luxembourg, Malta, Netherlands, Germany, Poland, Portugal, Romania, Slovakia, Slovenia, Hungary, Finland, France, Croatia, Czech Republic, Sweden"
https://fondy.ua/uploads/2021/12/Evo-200.svg,EVO Banco,Online banking,Spain,"Austria,  Belgium,  Bulgaria,  United Kingdom,  Greece,  Denmark,  Estonia, Ireland, Spain, Italy, Cyprus, Latvia, Lithuania, Luxembourg, Malta, Netherlands, Germany, Poland, Portugal, Romania, Slovakia, Slovenia, Hungary, Finland, France, Croatia, Czech Republic, Sweden"
https://fondy.ua/uploads/2021/12/fiare.svg,Fiare Banca Etica,Online banking,Italy,"Austria,  Belgium,  Bulgaria,  United Kingdom,  Greece,  Denmark,  Estonia, Ireland, Spain, Italy, Cyprus, Latvia, Lithuania, Luxembourg, Malta, Netherlands, Germany, Poland, Portugal, Romania, Slovakia, Slovenia, Hungary, Finland, France, Croatia, Czech Republic, Sweden"
https://fondy.ua/uploads/2021/12/finecobank.svg,FinecoBank,Online banking,Italy,"Austria,  Belgium,  Bulgaria,  United Kingdom,  Greece,  Denmark,  Estonia, Ireland, Spain, Italy, Cyprus, Latvia, Lithuania, Luxembourg, Malta, Netherlands, Germany, Poland, Portugal, Romania, Slovakia, Slovenia, Hungary, Finland, France, Croatia, Czech Republic, Sweden"
https://fondy.ua/uploads/2021/12/firstdirect.svg,first direct,Online banking,United Kingdom,"Austria,  Belgium,  Bulgaria,  United Kingdom,  Greece,  Denmark,  Estonia, Ireland, Spain, Italy, Cyprus, Latvia, Lithuania, Luxembourg, Malta, Netherlands, Germany, Poland, Portugal, Romania, Slovakia, Slovenia, Hungary, Finland, France, Croatia, Czech Republic, Sweden"
https://fondy.ua/uploads/2021/12/floa-1.svg,FLOA Bank,Online banking,France,"Austria,  Belgium,  Bulgaria,  United Kingdom,  Greece,  Denmark,  Estonia, Ireland, Spain, Italy, Cyprus, Latvia, Lithuania, Luxembourg, Malta, Netherlands, Germany, Poland, Portugal, Romania, Slovakia, Slovenia, Hungary, Finland, France, Croatia, Czech Republic, Sweden"
https://fondy.ua/uploads/2021/12/forexbank.svg,FOREX Bank,Online banking,Sweden,"Austria,  Belgium,  Bulgaria,  United Kingdom,  Greece,  Denmark,  Estonia, Ireland, Spain, Italy, Cyprus, Latvia, Lithuania, Luxembourg, Malta, Netherlands, Germany, Poland, Portugal, Romania, Slovakia, Slovenia, Hungary, Finland, France, Croatia, Czech Republic, Sweden"
https://fondy.ua/uploads/2021/12/genobank.svg,Geno Bank Essen eG,Online banking,Germany,"Austria,  Belgium,  Bulgaria,  United Kingdom,  Greece,  Denmark,  Estonia, Ireland, Spain, Italy, Cyprus, Latvia, Lithuania, Luxembourg, Malta, Netherlands, Germany, Poland, Portugal, Romania, Slovakia, Slovenia, Hungary, Finland, France, Croatia, Czech Republic, Sweden"
https://fondy.ua/uploads/2021/12/genossenschaftsbank.svg,Genossenschaftsbank Unterallgäu eG,Online banking,Germany,"Austria,  Belgium,  Bulgaria,  United Kingdom,  Greece,  Denmark,  Estonia, Ireland, Spain, Italy, Cyprus, Latvia, Lithuania, Luxembourg, Malta, Netherlands, Germany, Poland, Portugal, Romania, Slovakia, Slovenia, Hungary, Finland, France, Croatia, Czech Republic, Sweden"
https://fondy.ua/uploads/2021/12/getinbank.svg,Getin Bank,Online banking,Poland,"Austria,  Belgium,  Bulgaria,  United Kingdom,  Greece,  Denmark,  Estonia, Ireland, Spain, Italy, Cyprus, Latvia, Lithuania, Luxembourg, Malta, Netherlands, Germany, Poland, Portugal, Romania, Slovakia, Slovenia, Hungary, Finland, France, Croatia, Czech Republic, Sweden"
https://fondy.ua/uploads/2021/12/gladbacher.svg,Gladbacher Bank AG,Online banking,Germany,"Austria,  Belgium,  Bulgaria,  United Kingdom,  Greece,  Denmark,  Estonia, Ireland, Spain, Italy, Cyprus, Latvia, Lithuania, Luxembourg, Malta, Netherlands, Germany, Poland, Portugal, Romania, Slovakia, Slovenia, Hungary, Finland, France, Croatia, Czech Republic, Sweden"
https://fondy.ua/uploads/2021/12/halifax.svg,Halifax,Online banking,United Kingdom,"Austria,  Belgium,  Bulgaria,  United Kingdom,  Greece,  Denmark,  Estonia, Ireland, Spain, Italy, Cyprus, Latvia, Lithuania, Luxembourg, Malta, Netherlands, Germany, Poland, Portugal, Romania, Slovakia, Slovenia, Hungary, Finland, France, Croatia, Czech Republic, Sweden"
https://fondy.ua/uploads/2021/12/handelsbanken.svg,Handelsbanken,Online banking,"Norway,  Finland,  Sweden","Austria,  Belgium,  Bulgaria,  United Kingdom,  Greece,  Denmark,  Estonia, Ireland, Spain, Italy, Cyprus, Latvia, Lithuania, Luxembourg, Malta, Netherlands, Germany, Poland, Portugal, Romania, Slovakia, Slovenia, Hungary, Finland, France, Croatia, Czech Republic, Sweden"
https://fondy.ua/uploads/2021/12/hellobank.svg,Hello bank!,Online banking,"Austria,  Belgium,  Italy,  Germany,  France,  Czech Republic","Austria,  Belgium,  Bulgaria,  United Kingdom,  Greece,  Denmark,  Estonia, Ireland, Spain, Italy, Cyprus, Latvia, Lithuania, Luxembourg, Malta, Netherlands, Germany, Poland, Portugal, Romania, Slovakia, Slovenia, Hungary, Finland, France, Croatia, Czech Republic, Sweden"
https://fondy.ua/uploads/2021/12/hoerner-1.svg,Hoerner Bank AG,Online banking,Germany,"Austria,  Belgium,  Bulgaria,  United Kingdom,  Greece,  Denmark,  Estonia, Ireland, Spain, Italy, Cyprus, Latvia, Lithuania, Luxembourg, Malta, Netherlands, Germany, Poland, Portugal, Romania, Slovakia, Slovenia, Hungary, Finland, France, Croatia, Czech Republic, Sweden"
https://fondy.ua/uploads/2021/12/HSBC-200.svg,HSBC,Online banking,United Kingdom,"Austria,  Belgium,  Bulgaria,  United Kingdom,  Greece,  Denmark,  Estonia, Ireland, Spain, Italy, Cyprus, Latvia, Lithuania, Luxembourg, Malta, Netherlands, Germany, Poland, Portugal, Romania, Slovakia, Slovenia, Hungary, Finland, France, Croatia, Czech Republic, Sweden"
https://fondy.ua/uploads/2021/12/huttenberger.svg,Hüttenberger Bank eG,Online banking,Germany,"Austria,  Belgium,  Bulgaria,  United Kingdom,  Greece,  Denmark,  Estonia, Ireland, Spain, Italy, Cyprus, Latvia, Lithuania, Luxembourg, Malta, Netherlands, Germany, Poland, Portugal, Romania, Slovakia, Slovenia, Hungary, Finland, France, Croatia, Czech Republic, Sweden"
https://fondy.ua/uploads/2021/12/Hypo-200.svg,HypoVereinsbank,Online banking,Germany,"Austria,  Belgium,  Bulgaria,  United Kingdom,  Greece,  Denmark,  Estonia, Ireland, Spain, Italy, Cyprus, Latvia, Lithuania, Luxembourg, Malta, Netherlands, Germany, Poland, Portugal, Romania, Slovakia, Slovenia, Hungary, Finland, France, Croatia, Czech Republic, Sweden"
https://fondy.ua/uploads/2021/12/ibercaja-1.svg,Ibercaja Banco,Online banking,Spain,"Austria,  Belgium,  Bulgaria,  United Kingdom,  Greece,  Denmark,  Estonia, Ireland, Spain, Italy, Cyprus, Latvia, Lithuania, Luxembourg, Malta, Netherlands, Germany, Poland, Portugal, Romania, Slovakia, Slovenia, Hungary, Finland, France, Croatia, Czech Republic, Sweden"
https://fondy.ua/uploads/2021/12/icabanken.svg,ICA Banken,Online banking,Sweden,"Austria,  Belgium,  Bulgaria,  United Kingdom,  Greece,  Denmark,  Estonia, Ireland, Spain, Italy, Cyprus, Latvia, Lithuania, Luxembourg, Malta, Netherlands, Germany, Poland, Portugal, Romania, Slovakia, Slovenia, Hungary, Finland, France, Croatia, Czech Republic, Sweden"
https://fondy.ua/uploads/2021/12/ing.svg,ING Bank,Online banking,"Austria,  Spain,  the Netherlands,  Germany,  Poland","Austria,  Belgium,  Bulgaria,  United Kingdom,  Greece,  Denmark,  Estonia, Ireland, Spain, Italy, Cyprus, Latvia, Lithuania, Luxembourg, Malta, Netherlands, Germany, Poland, Portugal, Romania, Slovakia, Slovenia, Hungary, Finland, France, Croatia, Czech Republic, Sweden"
https://fondy.ua/uploads/2021/12/inteligo-1.svg,Inteligo Bank,Online banking,Poland,"Austria,  Belgium,  Bulgaria,  United Kingdom,  Greece,  Denmark,  Estonia, Ireland, Spain, Italy, Cyprus, Latvia, Lithuania, Luxembourg, Malta, Netherlands, Germany, Poland, Portugal, Romania, Slovakia, Slovenia, Hungary, Finland, France, Croatia, Czech Republic, Sweden"
https://fondy.ua/uploads/2022/01/IBB.svg,Internationales Bankhaus Bodensee AG,Online banking,Germany,"Austria,  Belgium,  Bulgaria,  United Kingdom,  Greece,  Denmark,  Estonia, Ireland, Spain, Italy, Cyprus, Latvia, Lithuania, Luxembourg, Malta, Netherlands, Germany, Poland, Portugal, Romania, Slovakia, Slovenia, Hungary, Finland, France, Croatia, Czech Republic, Sweden"
https://fondy.ua/uploads/2021/12/Intesa-Sanpaolo-200.svg,Intesa Sanpaolo,Online banking,Italy,"Austria,  Belgium,  Bulgaria,  United Kingdom,  Greece,  Denmark,  Estonia, Ireland, Spain, Italy, Cyprus, Latvia, Lithuania, Luxembourg, Malta, Netherlands, Germany, Poland, Portugal, Romania, Slovakia, Slovenia, Hungary, Finland, France, Croatia, Czech Republic, Sweden"
https://fondy.ua/uploads/2021/12/Jyske-200.svg,Jyske Bank,Online banking,Denmark,"Austria,  Belgium,  Bulgaria,  United Kingdom,  Greece,  Denmark,  Estonia, Ireland, Spain, Italy, Cyprus, Latvia, Lithuania, Luxembourg, Malta, Netherlands, Germany, Poland, Portugal, Romania, Slovakia, Slovenia, Hungary, Finland, France, Croatia, Czech Republic, Sweden"
https://fondy.ua/uploads/2021/12/kbc.svg,KBC,Online banking,Belgium,"Austria,  Belgium,  Bulgaria,  United Kingdom,  Greece,  Denmark,  Estonia, Ireland, Spain, Italy, Cyprus, Latvia, Lithuania, Luxembourg, Malta, Netherlands, Germany, Poland, Portugal, Romania, Slovakia, Slovenia, Hungary, Finland, France, Croatia, Czech Republic, Sweden"
https://fondy.ua/uploads/2021/12/knab-1.svg,Knab,Online banking,Netherlands,"Austria,  Belgium,  Bulgaria,  United Kingdom,  Greece,  Denmark,  Estonia, Ireland, Spain, Italy, Cyprus, Latvia, Lithuania, Luxembourg, Malta, Netherlands, Germany, Poland, Portugal, Romania, Slovakia, Slovenia, Hungary, Finland, France, Croatia, Czech Republic, Sweden"
https://fondy.ua/uploads/2021/12/kreditbanken.svg,Kreditbanken,Online banking,Denmark,"Austria,  Belgium,  Bulgaria,  United Kingdom,  Greece,  Denmark,  Estonia, Ireland, Spain, Italy, Cyprus, Latvia, Lithuania, Luxembourg, Malta, Netherlands, Germany, Poland, Portugal, Romania, Slovakia, Slovenia, Hungary, Finland, France, Croatia, Czech Republic, Sweden"
https://fondy.ua/uploads/2022/01/klb.svg,Kurhessische Landbank eG,Online banking,Germany,"Austria,  Belgium,  Bulgaria,  United Kingdom,  Greece,  Denmark,  Estonia, Ireland, Spain, Italy, Cyprus, Latvia, Lithuania, Luxembourg, Malta, Netherlands, Germany, Poland, Portugal, Romania, Slovakia, Slovenia, Hungary, Finland, France, Croatia, Czech Republic, Sweden"
https://fondy.ua/uploads/2021/12/kutxabank.svg,Kutxabank,Online banking,Spain,"Austria,  Belgium,  Bulgaria,  United Kingdom,  Greece,  Denmark,  Estonia, Ireland, Spain, Italy, Cyprus, Latvia, Lithuania, Luxembourg, Malta, Netherlands, Germany, Poland, Portugal, Romania, Slovakia, Slovenia, Hungary, Finland, France, Croatia, Czech Republic, Sweden"
https://fondy.ua/uploads/2021/12/laboralkutxa.svg,Laboral Kutxa,Online banking,Spain,"Austria,  Belgium,  Bulgaria,  United Kingdom,  Greece,  Denmark,  Estonia, Ireland, Spain, Italy, Cyprus, Latvia, Lithuania, Luxembourg, Malta, Netherlands, Germany, Poland, Portugal, Romania, Slovakia, Slovenia, Hungary, Finland, France, Croatia, Czech Republic, Sweden"
https://fondy.ua/uploads/2021/12/landbank.svg,Landbank Horlofftal eG,Online banking,Germany,"Austria,  Belgium,  Bulgaria,  United Kingdom,  Greece,  Denmark,  Estonia, Ireland, Spain, Italy, Cyprus, Latvia, Lithuania, Luxembourg, Malta, Netherlands, Germany, Poland, Portugal, Romania, Slovakia, Slovenia, Hungary, Finland, France, Croatia, Czech Republic, Sweden"
https://fondy.ua/uploads/2021/12/rentenbank.svg,Landwirtschaftliche Rentenbank,Online banking,Germany,"Austria,  Belgium,  Bulgaria,  United Kingdom,  Greece,  Denmark,  Estonia, Ireland, Spain, Italy, Cyprus, Latvia, Lithuania, Luxembourg, Malta, Netherlands, Germany, Poland, Portugal, Romania, Slovakia, Slovenia, Hungary, Finland, France, Croatia, Czech Republic, Sweden"
https://fondy.ua/uploads/2021/12/lansforsakringar.svg,Länsförsäkringar,Online banking,Sweden,"Austria,  Belgium,  Bulgaria,  United Kingdom,  Greece,  Denmark,  Estonia, Ireland, Spain, Italy, Cyprus, Latvia, Lithuania, Luxembourg, Malta, Netherlands, Germany, Poland, Portugal, Romania, Slovakia, Slovenia, Hungary, Finland, France, Croatia, Czech Republic, Sweden"
https://fondy.ua/uploads/2021/12/lhv.svg,LHV Pank,Online banking,Estonia,"Austria,  Belgium,  Bulgaria,  United Kingdom,  Greece,  Denmark,  Estonia, Ireland, Spain, Italy, Cyprus, Latvia, Lithuania, Luxembourg, Malta, Netherlands, Germany, Poland, Portugal, Romania, Slovakia, Slovenia, Hungary, Finland, France, Croatia, Czech Republic, Sweden"
https://fondy.ua/uploads/2021/12/lloyds-1.svg,Lloyds Bank,Online banking,United Kingdom,"Austria,  Belgium,  Bulgaria,  United Kingdom,  Greece,  Denmark,  Estonia, Ireland, Spain, Italy, Cyprus, Latvia, Lithuania, Luxembourg, Malta, Netherlands, Germany, Poland, Portugal, Romania, Slovakia, Slovenia, Hungary, Finland, France, Croatia, Czech Republic, Sweden"
https://fondy.ua/uploads/2021/12/luminor.svg,Luminor Bank AS,Online banking,"Estonia,  Latvia,  Lithuania","Austria,  Belgium,  Bulgaria,  United Kingdom,  Greece,  Denmark,  Estonia, Ireland, Spain, Italy, Cyprus, Latvia, Lithuania, Luxembourg, Malta, Netherlands, Germany, Poland, Portugal, Romania, Slovakia, Slovenia, Hungary, Finland, France, Croatia, Czech Republic, Sweden"
https://fondy.ua/uploads/2021/12/m_s.svg,M&S Bank,Online banking,United Kingdom,"Austria,  Belgium,  Bulgaria,  United Kingdom,  Greece,  Denmark,  Estonia, Ireland, Spain, Italy, Cyprus, Latvia, Lithuania, Luxembourg, Malta, Netherlands, Germany, Poland, Portugal, Romania, Slovakia, Slovenia, Hungary, Finland, France, Croatia, Czech Republic, Sweden"
https://fondy.ua/uploads/2021/12/Ma-Banque.svg,Ma Banque,Online banking,France,"Austria,  Belgium,  Bulgaria,  United Kingdom,  Greece,  Denmark,  Estonia, Ireland, Spain, Italy, Cyprus, Latvia, Lithuania, Luxembourg, Malta, Netherlands, Germany, Poland, Portugal, Romania, Slovakia, Slovenia, Hungary, Finland, France, Croatia, Czech Republic, Sweden"
https://fondy.ua/uploads/2021/12/markische.svg,Märkische Bank eG,Online banking,Germany,"Austria,  Belgium,  Bulgaria,  United Kingdom,  Greece,  Denmark,  Estonia, Ireland, Spain, Italy, Cyprus, Latvia, Lithuania, Luxembourg, Malta, Netherlands, Germany, Poland, Portugal, Romania, Slovakia, Slovenia, Hungary, Finland, France, Croatia, Czech Republic, Sweden"
https://fondy.ua/uploads/2021/12/mbank.svg,mBank,Online banking,"Poland,  the Czech Republic","Austria,  Belgium,  Bulgaria,  United Kingdom,  Greece,  Denmark,  Estonia, Ireland, Spain, Italy, Cyprus, Latvia, Lithuania, Luxembourg, Malta, Netherlands, Germany, Poland, Portugal, Romania, Slovakia, Slovenia, Hungary, Finland, France, Croatia, Czech Republic, Sweden"
https://fondy.ua/uploads/2021/12/mbna.svg,MBNA,Online banking,United Kingdom,"Austria,  Belgium,  Bulgaria,  United Kingdom,  Greece,  Denmark,  Estonia, Ireland, Spain, Italy, Cyprus, Latvia, Lithuania, Luxembourg, Malta, Netherlands, Germany, Poland, Portugal, Romania, Slovakia, Slovenia, Hungary, Finland, France, Croatia, Czech Republic, Sweden"
https://fondy.ua/uploads/2021/12/mendener.svg,Mendener Bank eG,Online banking,Germany,"Austria,  Belgium,  Bulgaria,  United Kingdom,  Greece,  Denmark,  Estonia, Ireland, Spain, Italy, Cyprus, Latvia, Lithuania, Luxembourg, Malta, Netherlands, Germany, Poland, Portugal, Romania, Slovakia, Slovenia, Hungary, Finland, France, Croatia, Czech Republic, Sweden"
https://fondy.ua/uploads/2021/12/metrobank.svg,Metro Bank,Online banking,United Kingdom,"Austria,  Belgium,  Bulgaria,  United Kingdom,  Greece,  Denmark,  Estonia, Ireland, Spain, Italy, Cyprus, Latvia, Lithuania, Luxembourg, Malta, Netherlands, Germany, Poland, Portugal, Romania, Slovakia, Slovenia, Hungary, Finland, France, Croatia, Czech Republic, Sweden"
https://fondy.ua/uploads/2021/12/millennium.svg,Millennium Bank,Online banking,Poland,"Austria,  Belgium,  Bulgaria,  United Kingdom,  Greece,  Denmark,  Estonia, Ireland, Spain, Italy, Cyprus, Latvia, Lithuania, Luxembourg, Malta, Netherlands, Germany, Poland, Portugal, Romania, Slovakia, Slovenia, Hungary, Finland, France, Croatia, Czech Republic, Sweden"
https://fondy.ua/uploads/2021/12/monabanq-1.svg,Monabanq,Online banking,France,"Austria,  Belgium,  Bulgaria,  United Kingdom,  Greece,  Denmark,  Estonia, Ireland, Spain, Italy, Cyprus, Latvia, Lithuania, Luxembourg, Malta, Netherlands, Germany, Poland, Portugal, Romania, Slovakia, Slovenia, Hungary, Finland, France, Croatia, Czech Republic, Sweden"
https://fondy.ua/uploads/2021/12/monzo.svg,Monzo,Online banking,United Kingdom,"Austria,  Belgium,  Bulgaria,  United Kingdom,  Greece,  Denmark,  Estonia, Ireland, Spain, Italy, Cyprus, Latvia, Lithuania, Luxembourg, Malta, Netherlands, Germany, Poland, Portugal, Romania, Slovakia, Slovenia, Hungary, Finland, France, Croatia, Czech Republic, Sweden"
https://fondy.ua/uploads/2021/12/mps-1.svg,MPS,Online banking,Italy,"Austria,  Belgium,  Bulgaria,  United Kingdom,  Greece,  Denmark,  Estonia, Ireland, Spain, Italy, Cyprus, Latvia, Lithuania, Luxembourg, Malta, Netherlands, Germany, Poland, Portugal, Romania, Slovakia, Slovenia, Hungary, Finland, France, Croatia, Czech Republic, Sweden"
https://fondy.ua/uploads/2021/12/munchner.svg,Münchner Bank eG,Online banking,Germany,"Austria,  Belgium,  Bulgaria,  United Kingdom,  Greece,  Denmark,  Estonia, Ireland, Spain, Italy, Cyprus, Latvia, Lithuania, Luxembourg, Malta, Netherlands, Germany, Poland, Portugal, Romania, Slovakia, Slovenia, Hungary, Finland, France, Croatia, Czech Republic, Sweden"
https://fondy.ua/uploads/2021/12/munsterlandische.svg,Münsterländische Bank Thie & Co. KG,Online banking,Germany,"Austria,  Belgium,  Bulgaria,  United Kingdom,  Greece,  Denmark,  Estonia, Ireland, Spain, Italy, Cyprus, Latvia, Lithuania, Luxembourg, Malta, Netherlands, Germany, Poland, Portugal, Romania, Slovakia, Slovenia, Hungary, Finland, France, Croatia, Czech Republic, Sweden"
https://fondy.ua/uploads/2021/12/n26.svg,N26,Online banking,Germany,"Austria,  Belgium,  Bulgaria,  United Kingdom,  Greece,  Denmark,  Estonia, Ireland, Spain, Italy, Cyprus, Latvia, Lithuania, Luxembourg, Malta, Netherlands, Germany, Poland, Portugal, Romania, Slovakia, Slovenia, Hungary, Finland, France, Croatia, Czech Republic, Sweden"
https://fondy.ua/uploads/2022/01/NatWest.svg,National Westminster Bank,Online banking,United Kingdom,"Austria,  Belgium,  Bulgaria,  United Kingdom,  Greece,  Denmark,  Estonia, Ireland, Spain, Italy, Cyprus, Latvia, Lithuania, Luxembourg, Malta, Netherlands, Germany, Poland, Portugal, Romania, Slovakia, Slovenia, Hungary, Finland, France, Croatia, Czech Republic, Sweden"
https://fondy.ua/uploads/2021/12/nationwide.svg,Nationwide Building Society,Online banking,United Kingdom,"Austria,  Belgium,  Bulgaria,  United Kingdom,  Greece,  Denmark,  Estonia, Ireland, Spain, Italy, Cyprus, Latvia, Lithuania, Luxembourg, Malta, Netherlands, Germany, Poland, Portugal, Romania, Slovakia, Slovenia, Hungary, Finland, France, Croatia, Czech Republic, Sweden"
https://fondy.ua/uploads/2021/12/nordea.svg,Nordea,Online banking,"Denmark,  Estonia,  Norway,  Finland,  Sweden","Austria,  Belgium,  Bulgaria,  United Kingdom,  Greece,  Denmark,  Estonia, Ireland, Spain, Italy, Cyprus, Latvia, Lithuania, Luxembourg, Malta, Netherlands, Germany, Poland, Portugal, Romania, Slovakia, Slovenia, Hungary, Finland, France, Croatia, Czech Republic, Sweden"
https://fondy.ua/uploads/2021/12/nordfyns.svg,Nordfyns Bank,Online banking,Denmark,"Austria,  Belgium,  Bulgaria,  United Kingdom,  Greece,  Denmark,  Estonia, Ireland, Spain, Italy, Cyprus, Latvia, Lithuania, Luxembourg, Malta, Netherlands, Germany, Poland, Portugal, Romania, Slovakia, Slovenia, Hungary, Finland, France, Croatia, Czech Republic, Sweden"
https://fondy.ua/uploads/2021/12/nordjyske.svg,Nordjyske Bank,Online banking,Denmark,"Austria,  Belgium,  Bulgaria,  United Kingdom,  Greece,  Denmark,  Estonia, Ireland, Spain, Italy, Cyprus, Latvia, Lithuania, Luxembourg, Malta, Netherlands, Germany, Poland, Portugal, Romania, Slovakia, Slovenia, Hungary, Finland, France, Croatia, Czech Republic, Sweden"
https://fondy.ua/uploads/2021/12/noris.svg,norisbank,Online banking,Denmark,"Austria,  Belgium,  Bulgaria,  United Kingdom,  Greece,  Denmark,  Estonia, Ireland, Spain, Italy, Cyprus, Latvia, Lithuania, Luxembourg, Malta, Netherlands, Germany, Poland, Portugal, Romania, Slovakia, Slovenia, Hungary, Finland, France, Croatia, Czech Republic, Sweden"
https://fondy.ua/uploads/2021/12/Oma-Säästöpankki.svg,Oma Säästöpankki,Online banking,Finland,"Austria,  Belgium,  Bulgaria,  United Kingdom,  Greece,  Denmark,  Estonia, Ireland, Spain, Italy, Cyprus, Latvia, Lithuania, Luxembourg, Malta, Netherlands, Germany, Poland, Portugal, Romania, Slovakia, Slovenia, Hungary, Finland, France, Croatia, Czech Republic, Sweden"
https://fondy.ua/uploads/2021/12/onstmettinger.svg,Onstmettinger Bank eG,Online banking,Germany,"Austria,  Belgium,  Bulgaria,  United Kingdom,  Greece,  Denmark,  Estonia, Ireland, Spain, Italy, Cyprus, Latvia, Lithuania, Luxembourg, Malta, Netherlands, Germany, Poland, Portugal, Romania, Slovakia, Slovenia, Hungary, Finland, France, Croatia, Czech Republic, Sweden"
https://fondy.ua/uploads/2021/12/opbank.svg,OP,Online banking,Finland,"Austria,  Belgium,  Bulgaria,  United Kingdom,  Greece,  Denmark,  Estonia, Ireland, Spain, Italy, Cyprus, Latvia, Lithuania, Luxembourg, Malta, Netherlands, Germany, Poland, Portugal, Romania, Slovakia, Slovenia, Hungary, Finland, France, Croatia, Czech Republic, Sweden"
https://fondy.ua/uploads/2021/12/openbank.svg,Openbank,Online banking,Spain,"Austria,  Belgium,  Bulgaria,  United Kingdom,  Greece,  Denmark,  Estonia, Ireland, Spain, Italy, Cyprus, Latvia, Lithuania, Luxembourg, Malta, Netherlands, Germany, Poland, Portugal, Romania, Slovakia, Slovenia, Hungary, Finland, France, Croatia, Czech Republic, Sweden"
https://fondy.ua/uploads/2021/12/pko.svg,PKO Bank Polski,Online banking,Poland,"Austria,  Belgium,  Bulgaria,  United Kingdom,  Greece,  Denmark,  Estonia, Ireland, Spain, Italy, Cyprus, Latvia, Lithuania, Luxembourg, Malta, Netherlands, Germany, Poland, Portugal, Romania, Slovakia, Slovenia, Hungary, Finland, France, Croatia, Czech Republic, Sweden"
https://fondy.ua/uploads/2021/12/poppankki.svg,POP Pankki,Online banking,Finland,"Austria,  Belgium,  Bulgaria,  United Kingdom,  Greece,  Denmark,  Estonia, Ireland, Spain, Italy, Cyprus, Latvia, Lithuania, Luxembourg, Malta, Netherlands, Germany, Poland, Portugal, Romania, Slovakia, Slovenia, Hungary, Finland, France, Croatia, Czech Republic, Sweden"
https://fondy.ua/uploads/2021/12/dpostbank.svg,Postbank,Online banking,Germany,"Austria,  Belgium,  Bulgaria,  United Kingdom,  Greece,  Denmark,  Estonia, Ireland, Spain, Italy, Cyprus, Latvia, Lithuania, Luxembourg, Malta, Netherlands, Germany, Poland, Portugal, Romania, Slovakia, Slovenia, Hungary, Finland, France, Croatia, Czech Republic, Sweden"
https://fondy.ua/uploads/2021/12/postova-1.svg,Poštová banka,Online banking,Slovakia,"Austria,  Belgium,  Bulgaria,  United Kingdom,  Greece,  Denmark,  Estonia, Ireland, Spain, Italy, Cyprus, Latvia, Lithuania, Luxembourg, Malta, Netherlands, Germany, Poland, Portugal, Romania, Slovakia, Slovenia, Hungary, Finland, France, Croatia, Czech Republic, Sweden"
https://fondy.ua/uploads/2021/12/postovni.svg,Poštovní spořitelna,Online banking,Czech Republic,"Austria,  Belgium,  Bulgaria,  United Kingdom,  Greece,  Denmark,  Estonia, Ireland, Spain, Italy, Cyprus, Latvia, Lithuania, Luxembourg, Malta, Netherlands, Germany, Poland, Portugal, Romania, Slovakia, Slovenia, Hungary, Finland, France, Croatia, Czech Republic, Sweden"
https://fondy.ua/uploads/2021/12/rabobank-1.svg,Rabobank,Online banking,Netherlands,"Austria,  Belgium,  Bulgaria,  United Kingdom,  Greece,  Denmark,  Estonia, Ireland, Spain, Italy, Cyprus, Latvia, Lithuania, Luxembourg, Malta, Netherlands, Germany, Poland, Portugal, Romania, Slovakia, Slovenia, Hungary, Finland, France, Croatia, Czech Republic, Sweden"
https://fondy.ua/uploads/2021/12/raiffeisen.svg,Raiffeisen Bank,Online banking,"Austria,  Italy,  Germany,  Poland","Austria,  Belgium,  Bulgaria,  United Kingdom,  Greece,  Denmark,  Estonia, Ireland, Spain, Italy, Cyprus, Latvia, Lithuania, Luxembourg, Malta, Netherlands, Germany, Poland, Portugal, Romania, Slovakia, Slovenia, Hungary, Finland, France, Croatia, Czech Republic, Sweden"
https://fondy.ua/uploads/2022/01/Renta.svg,Renta 4 Banco S.A.,Online banking,Spain,"Austria,  Belgium,  Bulgaria,  United Kingdom,  Greece,  Denmark,  Estonia, Ireland, Spain, Italy, Cyprus, Latvia, Lithuania, Luxembourg, Malta, Netherlands, Germany, Poland, Portugal, Romania, Slovakia, Slovenia, Hungary, Finland, France, Croatia, Czech Republic, Sweden"
https://fondy.ua/uploads/2021/12/revolut.svg,Revolut,Online banking,United Kingdom,"Austria,  Belgium,  Bulgaria,  United Kingdom,  Greece,  Denmark,  Estonia, Ireland, Spain, Italy, Cyprus, Latvia, Lithuania, Luxembourg, Malta, Netherlands, Germany, Poland, Portugal, Romania, Slovakia, Slovenia, Hungary, Finland, France, Croatia, Czech Republic, Sweden"
https://fondy.ua/uploads/2021/12/ringkjobing.svg,Ringkjøbing Landbobank A/S,Online banking,Denmark,"Austria,  Belgium,  Bulgaria,  United Kingdom,  Greece,  Denmark,  Estonia, Ireland, Spain, Italy, Cyprus, Latvia, Lithuania, Luxembourg, Malta, Netherlands, Germany, Poland, Portugal, Romania, Slovakia, Slovenia, Hungary, Finland, France, Croatia, Czech Republic, Sweden"
https://fondy.ua/uploads/2021/12/rbs.svg,Royal Bank of Scotland,Online banking,United Kingdom,"Austria,  Belgium,  Bulgaria,  United Kingdom,  Greece,  Denmark,  Estonia, Ireland, Spain, Italy, Cyprus, Latvia, Lithuania, Luxembourg, Malta, Netherlands, Germany, Poland, Portugal, Romania, Slovakia, Slovenia, Hungary, Finland, France, Croatia, Czech Republic, Sweden"
https://fondy.ua/uploads/2022/01/S-Pankki.svg,S-Pankki,Online banking,Finland,"Austria,  Belgium,  Bulgaria,  United Kingdom,  Greece,  Denmark,  Estonia, Ireland, Spain, Italy, Cyprus, Latvia, Lithuania, Luxembourg, Malta, Netherlands, Germany, Poland, Portugal, Romania, Slovakia, Slovenia, Hungary, Finland, France, Croatia, Czech Republic, Sweden"
https://fondy.ua/uploads/2021/12/saastopankki.svg,Säästöpankki,Online banking,Finland,"Austria,  Belgium,  Bulgaria,  United Kingdom,  Greece,  Denmark,  Estonia, Ireland, Spain, Italy, Cyprus, Latvia, Lithuania, Luxembourg, Malta, Netherlands, Germany, Poland, Portugal, Romania, Slovakia, Slovenia, Hungary, Finland, France, Croatia, Czech Republic, Sweden"
https://fondy.ua/uploads/2021/12/santander.svg,Santander,Online banking,"United Kingdom,  Spain,  Poland","Austria,  Belgium,  Bulgaria,  United Kingdom,  Greece,  Denmark,  Estonia, Ireland, Spain, Italy, Cyprus, Latvia, Lithuania, Luxembourg, Malta, Netherlands, Germany, Poland, Portugal, Romania, Slovakia, Slovenia, Hungary, Finland, France, Croatia, Czech Republic, Sweden"
https://fondy.ua/uploads/2021/12/sbanken.svg,Sbanken ASA,Online banking,Norway,"Austria,  Belgium,  Bulgaria,  United Kingdom,  Greece,  Denmark,  Estonia, Ireland, Spain, Italy, Cyprus, Latvia, Lithuania, Luxembourg, Malta, Netherlands, Germany, Poland, Portugal, Romania, Slovakia, Slovenia, Hungary, Finland, France, Croatia, Czech Republic, Sweden"
,Sberbank,Online banking,Czech Republic,"Austria,  Belgium,  Bulgaria,  United Kingdom,  Greece,  Denmark,  Estonia, Ireland, Spain, Italy, Cyprus, Latvia, Lithuania, Luxembourg, Malta, Netherlands, Germany, Poland, Portugal, Romania, Slovakia, Slovenia, Hungary, Finland, France, Croatia, Czech Republic, Sweden"
https://fondy.ua/uploads/2021/12/scharnhauser.svg,Scharnhauser Bank eG,Online banking,Germany,"Austria,  Belgium,  Bulgaria,  United Kingdom,  Greece,  Denmark,  Estonia, Ireland, Spain, Italy, Cyprus, Latvia, Lithuania, Luxembourg, Malta, Netherlands, Germany, Poland, Portugal, Romania, Slovakia, Slovenia, Hungary, Finland, France, Croatia, Czech Republic, Sweden"
https://fondy.ua/uploads/2021/12/schrobenhausener.svg,Schrobenhausener Bank eG,Online banking,Germany,"Austria,  Belgium,  Bulgaria,  United Kingdom,  Greece,  Denmark,  Estonia, Ireland, Spain, Italy, Cyprus, Latvia, Lithuania, Luxembourg, Malta, Netherlands, Germany, Poland, Portugal, Romania, Slovakia, Slovenia, Hungary, Finland, France, Croatia, Czech Republic, Sweden"
https://fondy.ua/uploads/2021/12/seb.svg,SEB,Online banking,"Estonia,  Latvia,  Lithuania,  Sweden","Austria,  Belgium,  Bulgaria,  United Kingdom,  Greece,  Denmark,  Estonia, Ireland, Spain, Italy, Cyprus, Latvia, Lithuania, Luxembourg, Malta, Netherlands, Germany, Poland, Portugal, Romania, Slovakia, Slovenia, Hungary, Finland, France, Croatia, Czech Republic, Sweden"
https://fondy.ua/uploads/2021/12/selfbank.svg,Self Bank,Online banking,Spain,"Austria,  Belgium,  Bulgaria,  United Kingdom,  Greece,  Denmark,  Estonia, Ireland, Spain, Italy, Cyprus, Latvia, Lithuania, Luxembourg, Malta, Netherlands, Germany, Poland, Portugal, Romania, Slovakia, Slovenia, Hungary, Finland, France, Croatia, Czech Republic, Sweden"
https://fondy.ua/uploads/2021/12/siauliu.svg,Šiaulių bankas,Online banking,Lithuania,"Austria,  Belgium,  Bulgaria,  United Kingdom,  Greece,  Denmark,  Estonia, Ireland, Spain, Italy, Cyprus, Latvia, Lithuania, Luxembourg, Malta, Netherlands, Germany, Poland, Portugal, Romania, Slovakia, Slovenia, Hungary, Finland, France, Croatia, Czech Republic, Sweden"
https://fondy.ua/uploads/2021/12/Skandiabanken.svg,Skandiabanken,Online banking,"Norway,  Sweden","Austria,  Belgium,  Bulgaria,  United Kingdom,  Greece,  Denmark,  Estonia, Ireland, Spain, Italy, Cyprus, Latvia, Lithuania, Luxembourg, Malta, Netherlands, Germany, Poland, Portugal, Romania, Slovakia, Slovenia, Hungary, Finland, France, Croatia, Czech Republic, Sweden"
https://fondy.ua/uploads/2021/12/skjern-1.svg,Skjern Bank,Online banking,Denmark,"Austria,  Belgium,  Bulgaria,  United Kingdom,  Greece,  Denmark,  Estonia, Ireland, Spain, Italy, Cyprus, Latvia, Lithuania, Luxembourg, Malta, Netherlands, Germany, Poland, Portugal, Romania, Slovakia, Slovenia, Hungary, Finland, France, Croatia, Czech Republic, Sweden"
https://fondy.ua/uploads/2021/12/S_Sporitelna-200.svg,Slovenská sporiteľňa,Online banking,Slovakia,"Austria,  Belgium,  Bulgaria,  United Kingdom,  Greece,  Denmark,  Estonia, Ireland, Spain, Italy, Cyprus, Latvia, Lithuania, Luxembourg, Malta, Netherlands, Germany, Poland, Portugal, Romania, Slovakia, Slovenia, Hungary, Finland, France, Croatia, Czech Republic, Sweden"
https://fondy.ua/uploads/2021/12/Société-de-Banque-Monaco-200.svg,Société de Banque Monaco,Online banking,France,"Austria,  Belgium,  Bulgaria,  United Kingdom,  Greece,  Denmark,  Estonia, Ireland, Spain, Italy, Cyprus, Latvia, Lithuania, Luxembourg, Malta, Netherlands, Germany, Poland, Portugal, Romania, Slovakia, Slovenia, Hungary, Finland, France, Croatia, Czech Republic, Sweden"
https://fondy.ua/uploads/2021/12/societegenerale.svg,Société Générale,Online banking,France,"Austria,  Belgium,  Bulgaria,  United Kingdom,  Greece,  Denmark,  Estonia, Ireland, Spain, Italy, Cyprus, Latvia, Lithuania, Luxembourg, Malta, Netherlands, Germany, Poland, Portugal, Romania, Slovakia, Slovenia, Hungary, Finland, France, Croatia, Czech Republic, Sweden"
https://fondy.ua/uploads/2021/12/Marseillaise-200.svg,Société Marseillaise de Crédit,Online banking,France,"Austria,  Belgium,  Bulgaria,  United Kingdom,  Greece,  Denmark,  Estonia, Ireland, Spain, Italy, Cyprus, Latvia, Lithuania, Luxembourg, Malta, Netherlands, Germany, Poland, Portugal, Romania, Slovakia, Slovenia, Hungary, Finland, France, Croatia, Czech Republic, Sweden"
https://fondy.ua/uploads/2021/12/soldo.svg,Soldo,Online banking,United Kingdom,"Austria,  Belgium,  Bulgaria,  United Kingdom,  Greece,  Denmark,  Estonia, Ireland, Spain, Italy, Cyprus, Latvia, Lithuania, Luxembourg, Malta, Netherlands, Germany, Poland, Portugal, Romania, Slovakia, Slovenia, Hungary, Finland, France, Croatia, Czech Republic, Sweden"
https://fondy.ua/uploads/2021/12/spar.svg,Spar- und Darlehnskasse Bockum-Hövel eG,Online banking,Germany,"Austria,  Belgium,  Bulgaria,  United Kingdom,  Greece,  Denmark,  Estonia, Ireland, Spain, Italy, Cyprus, Latvia, Lithuania, Luxembourg, Malta, Netherlands, Germany, Poland, Portugal, Romania, Slovakia, Slovenia, Hungary, Finland, France, Croatia, Czech Republic, Sweden"
https://fondy.ua/uploads/2021/12/sparkredit.svg,Spar- und Kreditbank Rheinstetten eG,Online banking,Germany,"Austria,  Belgium,  Bulgaria,  United Kingdom,  Greece,  Denmark,  Estonia, Ireland, Spain, Italy, Cyprus, Latvia, Lithuania, Luxembourg, Malta, Netherlands, Germany, Poland, Portugal, Romania, Slovakia, Slovenia, Hungary, Finland, France, Croatia, Czech Republic, Sweden"
https://fondy.ua/uploads/2021/12/sparbanken.svg,Sparbanken Syd,Online banking,Sweden,"Austria,  Belgium,  Bulgaria,  United Kingdom,  Greece,  Denmark,  Estonia, Ireland, Spain, Italy, Cyprus, Latvia, Lithuania, Luxembourg, Malta, Netherlands, Germany, Poland, Portugal, Romania, Slovakia, Slovenia, Hungary, Finland, France, Croatia, Czech Republic, Sweden"
https://fondy.ua/uploads/2021/12/sparbankernas-1.svg,Sparbankernas,Online banking,Sweden,"Austria,  Belgium,  Bulgaria,  United Kingdom,  Greece,  Denmark,  Estonia, Ireland, Spain, Italy, Cyprus, Latvia, Lithuania, Luxembourg, Malta, Netherlands, Germany, Poland, Portugal, Romania, Slovakia, Slovenia, Hungary, Finland, France, Croatia, Czech Republic, Sweden"
https://fondy.ua/uploads/2021/12/sparda.svg,Sparda-Bank Hamburg eG,Online banking,Germany,"Austria,  Belgium,  Bulgaria,  United Kingdom,  Greece,  Denmark,  Estonia, Ireland, Spain, Italy, Cyprus, Latvia, Lithuania, Luxembourg, Malta, Netherlands, Germany, Poland, Portugal, Romania, Slovakia, Slovenia, Hungary, Finland, France, Croatia, Czech Republic, Sweden"
https://fondy.ua/uploads/2021/12/sparebank.svg,SpareBank 1 SMN,Online banking,Norway,"Austria,  Belgium,  Bulgaria,  United Kingdom,  Hungary,  Germany,   etcGreece, Denmark, Ireland, spain, Italy, Cyprus, Latvia, Lithuania, Luxembourg, Malta, Netherlands, Poland, Portugal, Romania, Slovakia, Slovenia, Finland, France, Croatia, Czech Republic, Sweden, Estonia"
https://fondy.ua/uploads/2021/12/sparebanken.svg,Sparebanken Vest,Online banking,Norway,"Austria,  Belgium,  Bulgaria,  United Kingdom,  Greece,  Denmark,  Estonia, Ireland, Spain, Italy, Cyprus, Latvia, Lithuania, Luxembourg, Malta, Netherlands, Germany, Poland, Portugal, Romania, Slovakia, Slovenia, Hungary, Finland, France, Croatia, Czech Republic, Sweden"
https://fondy.ua/uploads/2021/12/Sparekassen.svg,Sparekassen Sjælland-Fyn A/S,Online banking,Denmark,"Austria,  Belgium,  Bulgaria,  United Kingdom,  Greece,  Denmark,  Estonia, Ireland, Spain, Italy, Cyprus, Latvia, Lithuania, Luxembourg, Malta, Netherlands, Germany, Poland, Portugal, Romania, Slovakia, Slovenia, Hungary, Finland, France, Croatia, Czech Republic, Sweden"
https://fondy.ua/uploads/2021/12/Sparkasse-200.svg,Sparkasse,Online banking,"Italy,  Germany","Austria,  Belgium,  Bulgaria,  United Kingdom,  Greece,  Denmark,  Estonia, Ireland, Spain, Italy, Cyprus, Latvia, Lithuania, Luxembourg, Malta, Netherlands, Germany, Poland, Portugal, Romania, Slovakia, Slovenia, Hungary, Finland, France, Croatia, Czech Republic, Sweden"
https://fondy.ua/uploads/2021/12/spreewaldbank.svg,Spreewaldbank eG,Online banking,Germany,"Austria,  Belgium,  Bulgaria,  United Kingdom,  Greece,  Denmark,  Estonia, Ireland, Spain, Italy, Cyprus, Latvia, Lithuania, Luxembourg, Malta, Netherlands, Germany, Poland, Portugal, Romania, Slovakia, Slovenia, Hungary, Finland, France, Croatia, Czech Republic, Sweden"
https://fondy.ua/uploads/2021/12/kantonalbank.svg,St. Galler Kantonalbank Deutschland AG,Online banking,Germany,"Austria,  Belgium,  Bulgaria,  United Kingdom,  Greece,  Denmark,  Estonia, Ireland, Spain, Italy, Cyprus, Latvia, Lithuania, Luxembourg, Malta, Netherlands, Germany, Poland, Portugal, Romania, Slovakia, Slovenia, Hungary, Finland, France, Croatia, Czech Republic, Sweden"
https://fondy.ua/uploads/2021/12/starling.svg,Starling Bank,Online banking,United Kingdom,"Austria,  Belgium,  Bulgaria,  United Kingdom,  Greece,  Denmark,  Estonia, Ireland, Spain, Italy, Cyprus, Latvia, Lithuania, Luxembourg, Malta, Netherlands, Germany, Poland, Portugal, Romania, Slovakia, Slovenia, Hungary, Finland, France, Croatia, Czech Republic, Sweden"
https://fondy.ua/uploads/2021/12/swan.svg,Swan,Online banking,France,"Austria,  Belgium,  Bulgaria,  United Kingdom,  Greece,  Denmark,  Estonia, Ireland, Spain, Italy, Cyprus, Latvia, Lithuania, Luxembourg, Malta, Netherlands, Germany, Poland, Portugal, Romania, Slovakia, Slovenia, Hungary, Finland, France, Croatia, Czech Republic, Sweden"
https://fondy.ua/uploads/2021/12/swed-1.svg,Swedbank,Online banking,"Estonia,  Latvia,  Lithuania,  Sweden","Austria,  Belgium,  Bulgaria,  United Kingdom,  Greece,  Denmark,  Estonia, Ireland, Spain, Italy, Cyprus, Latvia, Lithuania, Luxembourg, Malta, Netherlands, Germany, Poland, Portugal, Romania, Slovakia, Slovenia, Hungary, Finland, France, Croatia, Czech Republic, Sweden"
https://fondy.ua/uploads/2021/12/swish-1.svg,Swish,Online banking,Sweden,"Austria,  Belgium,  Bulgaria,  United Kingdom,  Greece,  Denmark,  Estonia, Ireland, Spain, Italy, Cyprus, Latvia, Lithuania, Luxembourg, Malta, Netherlands, Germany, Poland, Portugal, Romania, Slovakia, Slovenia, Hungary, Finland, France, Croatia, Czech Republic, Sweden"
https://fondy.ua/uploads/2021/12/sydbank.svg,Sydbank,Online banking,Denmark,"Austria,  Belgium,  Bulgaria,  United Kingdom,  Greece,  Denmark,  Estonia, Ireland, Spain, Italy, Cyprus, Latvia, Lithuania, Luxembourg, Malta, Netherlands, Germany, Poland, Portugal, Romania, Slovakia, Slovenia, Hungary, Finland, France, Croatia, Czech Republic, Sweden"
https://fondy.ua/uploads/2021/12/sylter.svg,Sylter Bank eG,Online banking,Germany,"Austria,  Belgium,  Bulgaria,  United Kingdom,  Greece,  Denmark,  Estonia, Ireland, Spain, Italy, Cyprus, Latvia, Lithuania, Luxembourg, Malta, Netherlands, Germany, Poland, Portugal, Romania, Slovakia, Slovenia, Hungary, Finland, France, Croatia, Czech Republic, Sweden"
https://fondy.ua/uploads/2021/12/tatrabank.svg,Tatra banka,Online banking,Slovakia,"Austria,  Belgium,  Bulgaria,  United Kingdom,  Greece,  Denmark,  Estonia, Ireland, Spain, Italy, Cyprus, Latvia, Lithuania, Luxembourg, Malta, Netherlands, Germany, Poland, Portugal, Romania, Slovakia, Slovenia, Hungary, Finland, France, Croatia, Czech Republic, Sweden"
https://fondy.ua/uploads/2021/12/tesco.svg,Tesco Bank,Online banking,United Kingdom,"Austria,  Belgium,  Bulgaria,  United Kingdom,  Greece,  Denmark,  Estonia, Ireland, Spain, Italy, Cyprus, Latvia, Lithuania, Luxembourg, Malta, Netherlands, Germany, Poland, Portugal, Romania, Slovakia, Slovenia, Hungary, Finland, France, Croatia, Czech Republic, Sweden"
https://fondy.ua/uploads/2022/01/Thinkmoney.svg,thinkmoney,Online banking,United Kingdom,"Austria,  Belgium,  Bulgaria,  United Kingdom,  Greece,  Denmark,  Estonia, Ireland, Spain, Italy, Cyprus, Latvia, Lithuania, Luxembourg, Malta, Netherlands, Germany, Poland, Portugal, Romania, Slovakia, Slovenia, Hungary, Finland, France, Croatia, Czech Republic, Sweden"
https://fondy.ua/uploads/2021/12/tide-1.svg,Tide,Online banking,United Kingdom,"Austria,  Belgium,  Bulgaria,  United Kingdom,  Greece,  Denmark,  Estonia, Ireland, Spain, Italy, Cyprus, Latvia, Lithuania, Luxembourg, Malta, Netherlands, Germany, Poland, Portugal, Romania, Slovakia, Slovenia, Hungary, Finland, France, Croatia, Czech Republic, Sweden"
https://fondy.ua/uploads/2021/12/Triodos-200.svg,Triodos Bank,Online banking,Netherlands,"Austria,  Belgium,  Bulgaria,  United Kingdom,  Greece,  Denmark,  Estonia, Ireland, Spain, Italy, Cyprus, Latvia, Lithuania, Luxembourg, Malta, Netherlands, Germany, Poland, Portugal, Romania, Slovakia, Slovenia, Hungary, Finland, France, Croatia, Czech Republic, Sweden"
https://fondy.ua/uploads/2021/12/TSB-Bank.svg,TSB Bank,Online banking,United Kingdom,"Austria,  Belgium,  Bulgaria,  United Kingdom,  Greece,  Denmark,  Estonia, Ireland, Spain, Italy, Cyprus, Latvia, Lithuania, Luxembourg, Malta, Netherlands, Germany, Poland, Portugal, Romania, Slovakia, Slovenia, Hungary, Finland, France, Croatia, Czech Republic, Sweden"
https://fondy.ua/uploads/2021/12/ubi.svg,UBI Banca,Online banking,Italy,"Austria,  Belgium,  Bulgaria,  United Kingdom,  Greece,  Denmark,  Estonia, Ireland, Spain, Italy, Cyprus, Latvia, Lithuania, Luxembourg, Malta, Netherlands, Germany, Poland, Portugal, Romania, Slovakia, Slovenia, Hungary, Finland, France, Croatia, Czech Republic, Sweden"
https://fondy.ua/uploads/2021/12/ulster.svg,Ulster Bank Ireland DAC,Online banking,Ireland,"Austria,  Belgium,  Bulgaria,  United Kingdom,  Greece,  Denmark,  Estonia, Ireland, Spain, Italy, Cyprus, Latvia, Lithuania, Luxembourg, Malta, Netherlands, Germany, Poland, Portugal, Romania, Slovakia, Slovenia, Hungary, Finland, France, Croatia, Czech Republic, Sweden"
https://fondy.ua/uploads/2021/12/unicaja.svg,Unicaja Banco,Online banking,Spain,"Austria,  Belgium,  Bulgaria,  United Kingdom,  Greece,  Denmark,  Estonia, Ireland, Spain, Italy, Cyprus, Latvia, Lithuania, Luxembourg, Malta, Netherlands, Germany, Poland, Portugal, Romania, Slovakia, Slovenia, Hungary, Finland, France, Croatia, Czech Republic, Sweden"
https://fondy.ua/uploads/2021/12/UniCredit-200.svg,UniCredit Bank,Online banking,"Italy,  Slovakia","Austria,  Belgium,  Bulgaria,  United Kingdom,  Greece,  Denmark,  Estonia, Ireland, Spain, Italy, Cyprus, Latvia, Lithuania, Luxembourg, Malta, Netherlands, Germany, Poland, Portugal, Romania, Slovakia, Slovenia, Hungary, Finland, France, Croatia, Czech Republic, Sweden"
https://fondy.ua/uploads/2021/12/unity.svg,Unity Trust Bank,Online banking,United Kingdom,"Austria,  Belgium,  Bulgaria,  United Kingdom,  Greece,  Denmark,  Estonia, Ireland, Spain, Italy, Cyprus, Latvia, Lithuania, Luxembourg, Malta, Netherlands, Germany, Poland, Portugal, Romania, Slovakia, Slovenia, Hungary, Finland, France, Croatia, Czech Republic, Sweden"
https://fondy.ua/uploads/2021/12/vanquis.svg,Vanquis Bank,Online banking,United Kingdom,"Austria,  Belgium,  Bulgaria,  United Kingdom,  Greece,  Denmark,  Estonia, Ireland, Spain, Italy, Cyprus, Latvia, Lithuania, Luxembourg, Malta, Netherlands, Germany, Poland, Portugal, Romania, Slovakia, Slovenia, Hungary, Finland, France, Croatia, Czech Republic, Sweden"
https://fondy.ua/uploads/2021/12/virgin.svg,Virgin Money,Online banking,United Kingdom,"Austria,  Belgium,  Bulgaria,  United Kingdom,  Greece,  Denmark,  Estonia, Ireland, Spain, Italy, Cyprus, Latvia, Lithuania, Luxembourg, Malta, Netherlands, Germany, Poland, Portugal, Romania, Slovakia, Slovenia, Hungary, Finland, France, Croatia, Czech Republic, Sweden"
https://fondy.ua/uploads/2021/12/volksundraiff.svg,Volks- und Raiffeisenbank,Online banking,Germany,"Austria,  Belgium,  Bulgaria,  United Kingdom,  Greece,  Denmark,  Estonia, Ireland, Spain, Italy, Cyprus, Latvia, Lithuania, Luxembourg, Malta, Netherlands, Germany, Poland, Portugal, Romania, Slovakia, Slovenia, Hungary, Finland, France, Croatia, Czech Republic, Sweden"
https://fondy.ua/uploads/2022/01/Volksbank.svg,Volksbank eG,Online banking,"Italy,  Germany","Austria,  Belgium,  Bulgaria,  United Kingdom,  Greece,  Denmark,  Estonia, Ireland, Spain, Italy, Cyprus, Latvia, Lithuania, Luxembourg, Malta, Netherlands, Germany, Poland, Portugal, Romania, Slovakia, Slovenia, Hungary, Finland, France, Croatia, Czech Republic, Sweden"
https://fondy.ua/uploads/2022/01/Volksbank.svg,VR Bank Bamberg-Forchheim,Online banking,Germany,"Austria,  Belgium,  Bulgaria,  United Kingdom,  Greece,  Denmark,  Estonia, Ireland, Spain, Italy, Cyprus, Latvia, Lithuania, Luxembourg, Malta, Netherlands, Germany, Poland, Portugal, Romania, Slovakia, Slovenia, Hungary, Finland, France, Croatia, Czech Republic, Sweden"
https://fondy.ua/uploads/2021/12/vr.svg,VR Bank eG,Online banking,Germany,"Austria,  Belgium,  Bulgaria,  United Kingdom,  Greece,  Denmark,  Estonia, Ireland, Spain, Italy, Cyprus, Latvia, Lithuania, Luxembourg, Malta, Netherlands, Germany, Poland, Portugal, Romania, Slovakia, Slovenia, Hungary, Finland, France, Croatia, Czech Republic, Sweden"
https://fondy.ua/uploads/2021/12/federseebank.svg,VR Bank Riedlingen-Federsee eG,Online banking,Germany,"Austria,  Belgium,  Bulgaria,  United Kingdom,  Greece,  Denmark,  Estonia, Ireland, Spain, Italy, Cyprus, Latvia, Lithuania, Luxembourg, Malta, Netherlands, Germany, Poland, Portugal, Romania, Slovakia, Slovenia, Hungary, Finland, France, Croatia, Czech Republic, Sweden"
https://fondy.ua/uploads/2021/12/VÚB-banka-200.svg,VÚB banka,Online banking,Slovakia,"Austria,  Belgium,  Bulgaria,  United Kingdom,  Greece,  Denmark,  Estonia, Ireland, Spain, Italy, Cyprus, Latvia, Lithuania, Luxembourg, Malta, Netherlands, Germany, Poland, Portugal, Romania, Slovakia, Slovenia, Hungary, Finland, France, Croatia, Czech Republic, Sweden"
https://fondy.ua/uploads/2021/12/waldecker.svg,Waldecker Bank eG,Online banking,Germany,"Austria,  Belgium,  Bulgaria,  United Kingdom,  Greece,  Denmark,  Estonia, Ireland, Spain, Italy, Cyprus, Latvia, Lithuania, Luxembourg, Malta, Netherlands, Germany, Poland, Portugal, Romania, Slovakia, Slovenia, Hungary, Finland, France, Croatia, Czech Republic, Sweden"
https://fondy.ua/uploads/2021/12/weberbank.svg,Weberbank,Online banking,Germany,"Austria,  Belgium,  Bulgaria,  United Kingdom,  Greece,  Denmark,  Estonia, Ireland, Spain, Italy, Cyprus, Latvia, Lithuania, Luxembourg, Malta, Netherlands, Germany, Poland, Portugal, Romania, Slovakia, Slovenia, Hungary, Finland, France, Croatia, Czech Republic, Sweden"
https://fondy.ua/uploads/2021/12/winterbacher.svg,Winterbacher Bank eG,Online banking,Germany,"Austria,  Belgium,  Bulgaria,  United Kingdom,  Greece,  Denmark,  Estonia, Ireland, Spain, Italy, Cyprus, Latvia, Lithuania, Luxembourg, Malta, Netherlands, Germany, Poland, Portugal, Romania, Slovakia, Slovenia, Hungary, Finland, France, Croatia, Czech Republic, Sweden"
https://fondy.ua/uploads/2021/12/wise.svg,Wise,Online banking,United Kingdom,"Austria,  Belgium,  Bulgaria,  United Kingdom,  Greece,  Denmark,  Estonia, Ireland, Spain, Italy, Cyprus, Latvia, Lithuania, Luxembourg, Malta, Netherlands, Germany, Poland, Portugal, Romania, Slovakia, Slovenia, Hungary, Finland, France, Croatia, Czech Republic, Sweden"
https://fondy.ua/uploads/2021/12/yorkshire.svg,Yorkshire Bank,Online banking,United Kingdom,"Austria,  Belgium,  Bulgaria,  United Kingdom,  Greece,  Denmark,  Estonia, Ireland, Spain, Italy, Cyprus, Latvia, Lithuania, Luxembourg, Malta, Netherlands, Germany, Poland, Portugal, Romania, Slovakia, Slovenia, Hungary, Finland, France, Croatia, Czech Republic, Sweden"
https://fondy.ua/uploads/2021/12/yorkshiresociety.svg,Yorkshire Building Society,Online banking,United Kingdom,"Austria,  Belgium,  Bulgaria,  United Kingdom,  Greece,  Denmark,  Estonia, Ireland, Spain, Italy, Cyprus, Latvia, Lithuania, Luxembourg, Malta, Netherlands, Germany, Poland, Portugal, Romania, Slovakia, Slovenia, Hungary, Finland, France, Croatia, Czech Republic, Sweden"